[{"truth": "I9", "machine": "Z5a", "time": 2.535}, {"truth": "T11", "machine": "X1", "time": 2.199}, {"truth": "N16", "machine": "N35", "time": 1.308}, {"truth": "N35", "machine": "N35", "time": 0.734}, {"truth": "Z7", "machine": "I10", "time": 1.417}, {"truth": "X1", "machine": "X1", "time": 1.625}, {"truth": "N35", "machine": "N35", "time": 0.909}, {"truth": "N41", "machine": "Aa11", "time": 1.591}, {"truth": "Z1", "machine": "Z1", "time": 0.724}, {"truth": "M17", "machine": "U33", "time": 2.333}, {"truth": "D21", "machine": "D21", "time": 1.242}, {"truth": "Z9", "machine": "Z7", "time": 1.3}, {"truth": "M23", "machine": "M23", "time": 1.526}, {"truth": "Z4", "machine": "Z4", "time": 1.033}, {"truth": "V28", "machine": "V28", "time": 1.416}, {"truth": "Z2", "machine": "D36", "time": 1.05}, {"truth": "M17", "machine": "M17", "time": 1.323}, {"truth": "G17", "machine": "Z7", "time": 1.309}, {"truth": "N40", "machine": "R11", "time": 7.3}, {"truth": "V20a", "machine": "Z4", "time": 1.64}, {"truth": "N35a", "machine": "N35a", "time": 2.092}, {"truth": "D36", "machine": "D36", "time": 0.865}, {"truth": "D21", "machine": "X1", "time": 1.168}, {"truth": "U6", "machine": "Aa15", "time": 1.459}, {"truth": "Z7", "machine": "G17", "time": 1.166}, {"truth": "N11", "machine": "V31", "time": 0.917}, {"truth": "M17", "machine": "G41", "time": 2.109}, {"truth": "Z1", "machine": "F21", "time": 1.358}, {"truth": "D21", "machine": "X1", "time": 1.133}, {"truth": "F21", "machine": "O34", "time": 1.942}, {"truth": "V28", "machine": "V28", "time": 2.118}, {"truth": "S42", "machine": "G7", "time": 2.393}, {"truth": "H8", "machine": "Z4", "time": 1.074}, {"truth": "R8", "machine": "R8", "time": 1.776}, {"truth": "E9", "machine": "G1", "time": 5.51}, {"truth": "V28", "machine": "V28", "time": 3.534}, {"truth": "A2", "machine": "A2", "time": 1.725}, {"truth": "D21", "machine": "X1", "time": 0.933}, {"truth": "W24", "machine": "W24", "time": 1.685}, {"truth": "E34", "machine": "Y1", "time": 3.894}, {"truth": "P6", "machine": "P6", "time": 2.259}, {"truth": "G17", "machine": "G1", "time": 2.275}, {"truth": "V4", "machine": "V4", "time": 2.393}, {"truth": "N35", "machine": "N35", "time": 0.645}, {"truth": "Z2", "machine": "Z2", "time": 1.691}, {"truth": "G1", "machine": "A1", "time": 2.035}, {"truth": "A1", "machine": "Q3", "time": 3.359}, {"truth": "M17", "machine": "M17", "time": 1.383}, {"truth": "I9", "machine": "V22", "time": 0.999}, {"truth": "M17", "machine": "M17", "time": 1.265}, {"truth": "I9", "machine": "I10", "time": 1.656}, {"truth": "M2", "machine": "N31", "time": 2.918}, {"truth": "A1", "machine": "A1", "time": 0.95}, {"truth": "N35", "machine": "N35", "time": 0.75}, {"truth": "N33", "machine": "D36", "time": 0.951}, {"truth": "X1", "machine": "X1", "time": 0.5}, {"truth": "F21", "machine": "D54", "time": 1.801}, {"truth": "Z2", "machine": "Z15b", "time": 1.992}, {"truth": "D1", "machine": "X1", "time": 1.867}, {"truth": "T22", "machine": "V28", "time": 1.125}, {"truth": "X1", "machine": "X1", "time": 0.816}, {"truth": "A2", "machine": "A1", "time": 3.765}, {"truth": "X1", "machine": "D21", "time": 0.883}, {"truth": "S29", "machine": "S29", "time": 1.36}, {"truth": "A1", "machine": "Z4a", "time": 0.857}, {"truth": "D36", "machine": "N35", "time": 0.899}, {"truth": "Z2", "machine": "Z2", "time": 0.933}, {"truth": "Z1", "machine": "Z1", "time": 0.54}, {"truth": "M17", "machine": "M17", "time": 1.134}, {"truth": "N40", "machine": "O38", "time": 3.653}, {"truth": "N35", "machine": "N35", "time": 0.717}, {"truth": "V31", "machine": "V31", "time": 0.99}, {"truth": "M12g", "machine": "N35a", "time": 2.784}, {"truth": "G43", "machine": "G17", "time": 1.584}, {"truth": "M17", "machine": "T18", "time": 1.233}, {"truth": "V31", "machine": "V31", "time": 0.884}, {"truth": "W24", "machine": "X1", "time": 0.826}, {"truth": "Q3", "machine": "Q3", "time": 1.501}, {"truth": "Z7", "machine": "Z7", "time": 0.776}, {"truth": "S29", "machine": "S29", "time": 1.327}, {"truth": "D21", "machine": "D21", "time": 0.984}, {"truth": "Aa1", "machine": "Aa1", "time": 1.734}, {"truth": "N23", "machine": "Z1", "time": 1.267}, {"truth": "D21", "machine": "N35", "time": 1.208}, {"truth": "Z2", "machine": "N35", "time": 1.759}, {"truth": "X1", "machine": "X1", "time": 1.317}, {"truth": "S29", "machine": "Z15a", "time": 1.659}, {"truth": "Aa1", "machine": "Z2", "time": 2.409}, {"truth": "S29", "machine": "S29", "time": 1.487}, {"truth": "N35a", "machine": "M17", "time": 2.607}, {"truth": "D36", "machine": "D36", "time": 0.877}, {"truth": "D21", "machine": "U9", "time": 0.85}, {"truth": "I9", "machine": "M3", "time": 1.098}, {"truth": "E1", "machine": "A2", "time": 3.318}, {"truth": "M3", "machine": "V12", "time": 1.592}, {"truth": "D21", "machine": "D21", "time": 0.816}, {"truth": "I9", "machine": "I9", "time": 10.002}, {"truth": "S29", "machine": "S29", "time": 1.235}, {"truth": "O4", "machine": "O4", "time": 2.835}, {"truth": "N18", "machine": "Aa1", "time": 1.408}, {"truth": "N35", "machine": "N35", "time": 0.625}, {"truth": "E27", "machine": "G1", "time": 4.86}, {"truth": "A1", "machine": "A1", "time": 1.108}, {"truth": "M17", "machine": "M23", "time": 1.741}, {"truth": "G7", "machine": "D50", "time": 1.108}, {"truth": "D36", "machine": "Z2", "time": 0.866}, {"truth": "M17", "machine": "M12", "time": 1.108}, {"truth": "A17", "machine": "D54", "time": 5.459}, {"truth": "N23", "machine": "N23", "time": 1.175}, {"truth": "D36", "machine": "D36", "time": 1.225}, {"truth": "S29", "machine": "S29", "time": 1.292}, {"truth": "M17", "machine": "M17", "time": 1.184}, {"truth": "G17", "machine": "G43", "time": 2.993}, {"truth": "A24", "machine": "Y1", "time": 1.31}, {"truth": "Z1", "machine": "Z1", "time": 0.525}, {"truth": "S34", "machine": "M4", "time": 1.292}, {"truth": "Z2", "machine": "Z2", "time": 0.918}, {"truth": "Z7", "machine": "Z7", "time": 0.882}, {"truth": "X1", "machine": "X1", "time": 1.041}, {"truth": "Z15d", "machine": "N35", "time": 2.117}, {"truth": "Z1", "machine": "Z1", "time": 0.564}, {"truth": "Y1", "machine": "Y1", "time": 1.742}, {"truth": "L1", "machine": "M20", "time": 3.268}, {"truth": "G17", "machine": "G17", "time": 4.228}, {"truth": "G1", "machine": "G14", "time": 1.16}, {"truth": "M17", "machine": "M17", "time": 1.208}, {"truth": "O34", "machine": "Z2", "time": 1.533}, {"truth": "T14", "machine": "T14", "time": 0.834}, {"truth": "M6", "machine": "U29", "time": 1.308}, {"truth": "D21", "machine": "D21", "time": 0.842}, {"truth": "Y1", "machine": "Y1", "time": 1.835}, {"truth": "A2", "machine": "A1", "time": 1.91}, {"truth": "D36", "machine": "D36", "time": 0.875}, {"truth": "M4", "machine": "T22", "time": 0.7}, {"truth": "G1", "machine": "Z15h", "time": 2.099}, {"truth": "Z7", "machine": "Z7", "time": 0.874}, {"truth": "G1", "machine": "G1", "time": 1.267}, {"truth": "A1", "machine": "A1", "time": 6.846}, {"truth": "M23", "machine": "D50", "time": 1.04}, {"truth": "V28", "machine": "V28", "time": 1.084}, {"truth": "D36", "machine": "Aa11", "time": 0.959}, {"truth": "S29", "machine": "S29", "time": 1.293}, {"truth": "N35", "machine": "X1", "time": 0.634}, {"truth": "I9", "machine": "I9", "time": 0.959}, {"truth": "Z7", "machine": "Z7", "time": 0.919}, {"truth": "M3", "machine": "N18", "time": 1.25}, {"truth": "F27", "machine": "R11", "time": 2.109}, {"truth": "Z9", "machine": "U6", "time": 1.076}, {"truth": "G1", "machine": "E34", "time": 4.619}, {"truth": "O1", "machine": "O1", "time": 1.451}, {"truth": "D53", "machine": "O1", "time": 2.636}, {"truth": "F31", "machine": "M15", "time": 4.734}, {"truth": "M17", "machine": "M17", "time": 1.227}, {"truth": "G1", "machine": "D54", "time": 1.292}, {"truth": "M17", "machine": "M17", "time": 1.131}, {"truth": "V31", "machine": "V31", "time": 1.268}, {"truth": "X1", "machine": "Z7", "time": 0.791}, {"truth": "G17", "machine": "A1", "time": 2.027}, {"truth": "Q3", "machine": "D21", "time": 2.208}, {"truth": "N41", "machine": "Z1", "time": 2.65}, {"truth": "X1", "machine": "D21", "time": 0.808}, {"truth": "W19", "machine": "W19", "time": 1.834}, {"truth": "M17", "machine": "M17", "time": 1.974}, {"truth": "T9", "machine": "V20", "time": 1.852}, {"truth": "N33", "machine": "X1", "time": 1.542}, {"truth": "I9", "machine": "I10", "time": 1.575}, {"truth": "Aa8", "machine": "D36", "time": 0.834}, {"truth": "S29", "machine": "S29", "time": 1.243}, {"truth": "G43", "machine": "G43", "time": 1.602}, {"truth": "N35", "machine": "N35", "time": 1.141}, {"truth": "N35", "machine": "N35", "time": 0.808}, {"truth": "D58", "machine": "D58", "time": 0.809}, {"truth": "G17", "machine": "G17", "time": 1.192}, {"truth": "R8", "machine": "T18", "time": 1.091}, {"truth": "D21", "machine": "D21", "time": 1.064}, {"truth": "N35", "machine": "N35", "time": 0.641}, {"truth": "O34", "machine": "O34", "time": 1.058}, {"truth": "X1", "machine": "X1", "time": 0.842}, {"truth": "A1", "machine": "A1", "time": 2.309}, {"truth": "X1", "machine": "X1", "time": 0.658}, {"truth": "W9", "machine": "T18", "time": 1.386}, {"truth": "O1", "machine": "T22", "time": 1.092}, {"truth": "M17", "machine": "M17", "time": 1.167}, {"truth": "A1", "machine": "A1", "time": 3.184}, {"truth": "D46", "machine": "D21", "time": 0.849}, {"truth": "G17", "machine": "T34", "time": 1.05}, {"truth": "N31", "machine": "N16", "time": 1.867}, {"truth": "D36", "machine": "N35", "time": 0.824}, {"truth": "A1", "machine": "G1", "time": 1.2}, {"truth": "N25", "machine": "Z15b", "time": 1.542}, {"truth": "Z1", "machine": "Z1", "time": 0.417}, {"truth": "A1", "machine": "A1", "time": 2.685}, {"truth": "I9", "machine": "I10", "time": 1.292}, {"truth": "D21", "machine": "Z7", "time": 0.874}, {"truth": "Z7", "machine": "Z7", "time": 0.825}, {"truth": "N35", "machine": "N35", "time": 1.952}, {"truth": "D2", "machine": "D2", "time": 1.982}, {"truth": "M17", "machine": "M23", "time": 2.343}, {"truth": "V28", "machine": "V28", "time": 1.726}, {"truth": "S23", "machine": "O34", "time": 2.677}, {"truth": "X1", "machine": "D21", "time": 0.774}, {"truth": "Z1", "machine": "Z1", "time": 0.466}, {"truth": "I10", "machine": "I10", "time": 0.924}, {"truth": "V30", "machine": "N5", "time": 4.119}, {"truth": "Y1", "machine": "A2", "time": 1.484}, {"truth": "Z1", "machine": "Z1", "time": 0.527}, {"truth": "Aa1", "machine": "N5", "time": 2.049}, {"truth": "G1", "machine": "G1", "time": 1.445}, {"truth": "G17", "machine": "Y1", "time": 1.978}, {"truth": "G43", "machine": "X1", "time": 1.223}, {"truth": "N35", "machine": "N35", "time": 0.625}, {"truth": "Z1", "machine": "Z1", "time": 0.5}, {"truth": "N31", "machine": "N16", "time": 1.434}, {"truth": "N35", "machine": "N35", "time": 0.616}, {"truth": "S29", "machine": "S29", "time": 1.293}, {"truth": "Z7", "machine": "Z7", "time": 0.966}, {"truth": "V24", "machine": "M17", "time": 1.554}, {"truth": "Z1", "machine": "Z15", "time": 0.449}, {"truth": "G17", "machine": "A2", "time": 3.985}, {"truth": "U1", "machine": "U1", "time": 2.211}, {"truth": "W25", "machine": "G1", "time": 2.659}, {"truth": "T30", "machine": "I9", "time": 3.315}, {"truth": "Z1", "machine": "Z1", "time": 0.575}, {"truth": "D58", "machine": "D58", "time": 1.058}, {"truth": "A1", "machine": "G1", "time": 1.149}, {"truth": "D2", "machine": "S34", "time": 1.334}, {"truth": "D4", "machine": "A1", "time": 1.944}, {"truth": "I10", "machine": "I10", "time": 1.033}, {"truth": "P8", "machine": "D58", "time": 1.217}, {"truth": "Aa11", "machine": "N35", "time": 0.699}, {"truth": "X1", "machine": "Z7", "time": 0.958}, {"truth": "X1", "machine": "Z7", "time": 0.767}, {"truth": "A9", "machine": "M14", "time": 3.857}, {"truth": "N35", "machine": "N35", "time": 0.759}, {"truth": "S29", "machine": "S29", "time": 1.15}, {"truth": "D36", "machine": "D36", "time": 0.775}, {"truth": "M18", "machine": "M18", "time": 2.018}, {"truth": "F25", "machine": "D58", "time": 2.443}, {"truth": "N35", "machine": "N35", "time": 0.708}, {"truth": "S43", "machine": "U17", "time": 2.894}, {"truth": "G1", "machine": "G1", "time": 1.697}, {"truth": "N35", "machine": "N35", "time": 0.874}, {"truth": "S29", "machine": "S29", "time": 1.26}, {"truth": "M17", "machine": "M17", "time": 2.626}, {"truth": "W19", "machine": "M44", "time": 2.692}, {"truth": "D21", "machine": "D21", "time": 1.078}, {"truth": "D58", "machine": "D58", "time": 1.051}, {"truth": "G1", "machine": "G1", "time": 0.865}, {"truth": "Z7", "machine": "Z7", "time": 0.666}, {"truth": "D54", "machine": "G43", "time": 1.201}, {"truth": "G1", "machine": "G1", "time": 3.86}, {"truth": "O1", "machine": "O1", "time": 1.349}, {"truth": "M17", "machine": "M17", "time": 1.977}, {"truth": "G17", "machine": "G1", "time": 1.834}, {"truth": "G17", "machine": "G17", "time": 1.058}, {"truth": "M17", "machine": "X1", "time": 0.501}, {"truth": "D58", "machine": "D58", "time": 0.916}, {"truth": "G17", "machine": "G43", "time": 2.05}, {"truth": "F32", "machine": "F32", "time": 1.685}, {"truth": "X1", "machine": "D21", "time": 1.326}, {"truth": "G17", "machine": "G17", "time": 1.558}, {"truth": "A2", "machine": "A1", "time": 2.052}, {"truth": "X1", "machine": "Z1", "time": 0.594}, {"truth": "O34", "machine": "O34", "time": 1.245}, {"truth": "Y1", "machine": "Z1", "time": 1.193}, {"truth": "V30", "machine": "F13", "time": 1.475}, {"truth": "A2", "machine": "G43", "time": 1.391}, {"truth": "N35", "machine": "N35", "time": 0.641}, {"truth": "W11", "machine": "B1", "time": 2.81}, {"truth": "M17", "machine": "M17", "time": 1.721}, {"truth": "T22", "machine": "T22", "time": 1.075}, {"truth": "I9", "machine": "I9", "time": 2.227}, {"truth": "Z7", "machine": "Z7", "time": 0.979}, {"truth": "D32", "machine": "D32", "time": 1.334}, {"truth": "D21", "machine": "D21", "time": 0.867}, {"truth": "G37", "machine": "O29", "time": 1.142}, {"truth": "A2", "machine": "A2", "time": 2.185}, {"truth": "N5", "machine": "Z15g", "time": 1.617}, {"truth": "Z2", "machine": "Z2", "time": 1.682}, {"truth": "N35", "machine": "N35", "time": 0.633}, {"truth": "H8", "machine": "Z4", "time": 0.916}, {"truth": "A1", "machine": "D58", "time": 1.209}, {"truth": "G4", "machine": "A17", "time": 2.58}, {"truth": "Z7", "machine": "Z7", "time": 0.799}, {"truth": "Y1", "machine": "Y1", "time": 2.325}, {"truth": "Z2", "machine": "Z2", "time": 1.701}, {"truth": "D40", "machine": "D40", "time": 1.357}, {"truth": "A2", "machine": "A2", "time": 2.7}, {"truth": "G1", "machine": "G1", "time": 4.019}, {"truth": "M17", "machine": "M17", "time": 1.76}, {"truth": "T28", "machine": "O4", "time": 2.543}, {"truth": "I10", "machine": "I10", "time": 0.866}, {"truth": "S29", "machine": "S29", "time": 0.857}, {"truth": "D21", "machine": "D21", "time": 1.091}, {"truth": "I9", "machine": "O34", "time": 0.801}, {"truth": "D54", "machine": "D54", "time": 1.016}, {"truth": "M17", "machine": "M17", "time": 2.034}, {"truth": "V20", "machine": "V20", "time": 0.699}, {"truth": "M17", "machine": "M17", "time": 2.019}, {"truth": "N35", "machine": "N35", "time": 0.726}, {"truth": "N29", "machine": "N29", "time": 1.185}, {"truth": "G17", "machine": "G17", "time": 1.192}, {"truth": "M17", "machine": "T18", "time": 0.992}, {"truth": "X1", "machine": "A1", "time": 0.658}, {"truth": "Aa2", "machine": "O1", "time": 2.148}, {"truth": "X1", "machine": "Aa1", "time": 1.259}, {"truth": "N35", "machine": "N35", "time": 0.509}, {"truth": "Z2", "machine": "Q3", "time": 0.908}, {"truth": "X1", "machine": "X1", "time": 0.958}, {"truth": "G17", "machine": "G17", "time": 1.103}, {"truth": "A1", "machine": "A1", "time": 2.176}, {"truth": "G6", "machine": "I14", "time": 6.82}, {"truth": "O6", "machine": "A2", "time": 1.759}, {"truth": "D21", "machine": "X1", "time": 2.243}, {"truth": "P6", "machine": "G7", "time": 6.837}, {"truth": "W19", "machine": "W19", "time": 2.735}, {"truth": "V28", "machine": "M17", "time": 2.643}, {"truth": "A1", "machine": "A1", "time": 1.702}, {"truth": "Z9", "machine": "Y1", "time": 1.017}, {"truth": "N14", "machine": "N14", "time": 2.369}, {"truth": "D21", "machine": "D21", "time": 0.792}, {"truth": "A30", "machine": "N40", "time": 3.58}, {"truth": "G1", "machine": "A1", "time": 3.385}, {"truth": "Aa1", "machine": "N5", "time": 1.173}, {"truth": "N16", "machine": "D36", "time": 1.425}, {"truth": "D21", "machine": "D21", "time": 0.801}, {"truth": "Z2", "machine": "Z2", "time": 0.886}, {"truth": "X1", "machine": "Z1", "time": 0.724}, {"truth": "N35", "machine": "N35", "time": 0.716}, {"truth": "G43", "machine": "G43", "time": 1.268}, {"truth": "H8", "machine": "N16", "time": 0.792}, {"truth": "I9", "machine": "I9", "time": 1.618}, {"truth": "A1", "machine": "A1", "time": 4.726}, {"truth": "G41", "machine": "G29", "time": 1.267}, {"truth": "M3", "machine": "O49", "time": 1.216}, {"truth": "Z7", "machine": "Z7", "time": 0.816}, {"truth": "U6", "machine": "U6", "time": 1.568}, {"truth": "A15", "machine": "F26", "time": 3.109}, {"truth": "N37", "machine": "S12", "time": 2.36}, {"truth": "V11b", "machine": "Z1", "time": 1.208}, {"truth": "N35", "machine": "N35", "time": 1.15}, {"truth": "N37", "machine": "N35a", "time": 3.561}, {"truth": "Z2", "machine": "Z2", "time": 1.7}, {"truth": "Y1", "machine": "Y1", "time": 2.037}, {"truth": "H6", "machine": "T18", "time": 3.825}, {"truth": "Aa11", "machine": "N35", "time": 0.784}, {"truth": "D21", "machine": "N37", "time": 1.143}, {"truth": "I9", "machine": "I10", "time": 1.542}, {"truth": "V31", "machine": "D4", "time": 1.283}, {"truth": "Z7", "machine": "Z7", "time": 0.825}, {"truth": "Aa1", "machine": "Aa1", "time": 1.159}, {"truth": "A1", "machine": "X1", "time": 0.517}, {"truth": "W24", "machine": "W24", "time": 1.972}, {"truth": "S29", "machine": "S29", "time": 1.284}, {"truth": "X1", "machine": "X1", "time": 0.816}, {"truth": "Z1", "machine": "Z1", "time": 0.502}, {"truth": "N35", "machine": "N35", "time": 0.691}, {"truth": "V1", "machine": "I10", "time": 1.359}, {"truth": "F21", "machine": "F21", "time": 1.14}, {"truth": "D2", "machine": "S29", "time": 1.325}, {"truth": "A2", "machine": "A1", "time": 1.975}, {"truth": "M20", "machine": "M20", "time": 9.166}, {"truth": "N23", "machine": "D58", "time": 0.866}, {"truth": "F22", "machine": "A1", "time": 1.357}, {"truth": "G17", "machine": "A2", "time": 2.835}, {"truth": "N35", "machine": "N35", "time": 1.115}, {"truth": "X1", "machine": "X1", "time": 0.742}, {"truth": "Aa15", "machine": "N29", "time": 1.184}, {"truth": "G43", "machine": "Aa1", "time": 1.717}, {"truth": "V31", "machine": "V31", "time": 1.125}, {"truth": "X1", "machine": "N35", "time": 0.503}, {"truth": "N35", "machine": "N35", "time": 0.692}, {"truth": "N35", "machine": "N35", "time": 0.758}, {"truth": "N35", "machine": "N35", "time": 0.724}, {"truth": "G17", "machine": "A2", "time": 2.959}, {"truth": "V24", "machine": "Z4", "time": 1.743}, {"truth": "Y1", "machine": "W11", "time": 1.042}, {"truth": "D46", "machine": "D35", "time": 1.41}, {"truth": "S29", "machine": "S29", "time": 1.0}, {"truth": "E1", "machine": "F26", "time": 5.061}, {"truth": "O50", "machine": "D21", "time": 1.048}, {"truth": "N35", "machine": "N35", "time": 0.991}, {"truth": "N37", "machine": "X1", "time": 2.771}, {"truth": "N35", "machine": "N35", "time": 0.707}, {"truth": "G1", "machine": "G43", "time": 1.95}, {"truth": "I9", "machine": "V28", "time": 0.598}, {"truth": "A1", "machine": "X1", "time": 0.549}, {"truth": "O4", "machine": "O4", "time": 2.739}, {"truth": "X1", "machine": "X1", "time": 1.066}, {"truth": "D2", "machine": "S29", "time": 1.651}, {"truth": "Z4a", "machine": "Z15a", "time": 1.3}, {"truth": "M18", "machine": "M18", "time": 2.647}, {"truth": "G1", "machine": "G1", "time": 3.518}, {"truth": "G1", "machine": "D54", "time": 1.334}, {"truth": "Z2", "machine": "N35", "time": 0.791}, {"truth": "G17", "machine": "G43", "time": 2.451}, {"truth": "Q3", "machine": "Q3", "time": 2.134}, {"truth": "N35", "machine": "N35", "time": 0.632}, {"truth": "N35", "machine": "N35", "time": 0.866}, {"truth": "Aa1", "machine": "D21", "time": 1.475}, {"truth": "Z2", "machine": "D36", "time": 0.517}, {"truth": "A2", "machine": "A2", "time": 1.484}, {"truth": "D21", "machine": "X1", "time": 1.184}, {"truth": "X1", "machine": "D21", "time": 0.8}, {"truth": "D36", "machine": "D58", "time": 0.85}, {"truth": "G17", "machine": "G17", "time": 2.359}, {"truth": "N35", "machine": "N35", "time": 0.867}, {"truth": "Z1", "machine": "Z1", "time": 0.525}, {"truth": "M17", "machine": "M17", "time": 1.284}, {"truth": "Y1", "machine": "Z1", "time": 1.193}, {"truth": "I9", "machine": "I9", "time": 1.803}, {"truth": "N29", "machine": "N29", "time": 2.335}, {"truth": "N35", "machine": "N35", "time": 0.85}, {"truth": "R8", "machine": "R8", "time": 0.991}, {"truth": "D46", "machine": "X1", "time": 1.359}, {"truth": "N25", "machine": "Q3", "time": 2.468}, {"truth": "G17", "machine": "G17", "time": 1.567}, {"truth": "X1", "machine": "X1", "time": 1.048}, {"truth": "V24", "machine": "V28", "time": 3.753}, {"truth": "N35", "machine": "N35", "time": 0.758}, {"truth": "V28", "machine": "Z1", "time": 1.484}, {"truth": "X1", "machine": "X1", "time": 0.85}, {"truth": "Z1", "machine": "Z1", "time": 0.508}, {"truth": "D46", "machine": "D21", "time": 2.46}, {"truth": "V31", "machine": "V31", "time": 1.283}, {"truth": "O49", "machine": "Aa1", "time": 2.808}, {"truth": "Z1", "machine": "T14", "time": 0.908}, {"truth": "F51", "machine": "Aa1", "time": 1.425}, {"truth": "G29", "machine": "A2", "time": 2.567}, {"truth": "S32", "machine": "D1", "time": 2.309}, {"truth": "V28", "machine": "G7", "time": 2.834}, {"truth": "N35", "machine": "Z2", "time": 0.558}, {"truth": "D35", "machine": "D35", "time": 1.458}, {"truth": "Q3", "machine": "N25", "time": 1.766}, {"truth": "X1", "machine": "Z7", "time": 1.45}, {"truth": "Z1", "machine": "Z15", "time": 0.532}, {"truth": "A2", "machine": "A2", "time": 2.909}, {"truth": "N35", "machine": "N35", "time": 0.941}, {"truth": "M17", "machine": "Aa28", "time": 1.092}, {"truth": "N35", "machine": "N35", "time": 0.871}, {"truth": "Z7", "machine": "X1", "time": 0.941}, {"truth": "Z7", "machine": "Z7", "time": 0.975}, {"truth": "T14", "machine": "G7", "time": 1.108}, {"truth": "A1", "machine": "A50", "time": 0.999}, {"truth": "O1", "machine": "O1", "time": 1.342}, {"truth": "N35", "machine": "Aa11", "time": 0.893}, {"truth": "Z2", "machine": "Z2", "time": 1.785}, {"truth": "I3", "machine": "I3", "time": 4.759}, {"truth": "P6", "machine": "P6", "time": 1.71}, {"truth": "Z15a", "machine": "Z15a", "time": 0.926}, {"truth": "G37", "machine": "D46", "time": 1.751}, {"truth": "M23", "machine": "Q7", "time": 1.501}, {"truth": "A2", "machine": "A2", "time": 1.517}, {"truth": "A1", "machine": "D40", "time": 1.569}, {"truth": "S29", "machine": "U36", "time": 0.991}, {"truth": "D21", "machine": "D21", "time": 0.95}, {"truth": "N35", "machine": "N35", "time": 0.724}, {"truth": "W25", "machine": "S29", "time": 2.609}, {"truth": "M17", "machine": "M17", "time": 1.2}, {"truth": "G1", "machine": "G1", "time": 1.534}, {"truth": "P1", "machine": "O38", "time": 2.436}, {"truth": "M44", "machine": "U29", "time": 2.051}, {"truth": "D36", "machine": "D36", "time": 0.808}, {"truth": "D21", "machine": "D21", "time": 1.043}, {"truth": "M23", "machine": "M23", "time": 1.241}, {"truth": "X1", "machine": "Z1", "time": 0.618}, {"truth": "I10", "machine": "I10", "time": 0.909}, {"truth": "Z7", "machine": "Z7", "time": 0.924}, {"truth": "X1", "machine": "D21", "time": 0.967}, {"truth": "X1", "machine": "X1", "time": 0.506}, {"truth": "A50", "machine": "A50", "time": 2.952}, {"truth": "Z1", "machine": "Z1", "time": 0.558}, {"truth": "G17", "machine": "A2", "time": 2.724}, {"truth": "D2", "machine": "V28", "time": 2.176}, {"truth": "M6", "machine": "Aa17", "time": 1.543}, {"truth": "Z2", "machine": "Z2", "time": 1.409}, {"truth": "I9", "machine": "I9", "time": 3.42}, {"truth": "D2", "machine": "D2", "time": 1.793}, {"truth": "B1", "machine": "G1", "time": 2.876}, {"truth": "R11", "machine": "R11", "time": 4.112}, {"truth": "V31", "machine": "V31", "time": 1.278}, {"truth": "I3", "machine": "F26", "time": 8.178}, {"truth": "W19", "machine": "N2", "time": 2.128}, {"truth": "W24", "machine": "Z7", "time": 1.351}, {"truth": "M23", "machine": "M23", "time": 1.207}, {"truth": "L1", "machine": "L1", "time": 4.526}, {"truth": "D54", "machine": "D54", "time": 1.349}, {"truth": "G17", "machine": "G43", "time": 2.399}, {"truth": "X1", "machine": "Z1", "time": 0.741}, {"truth": "N29", "machine": "X1", "time": 1.466}, {"truth": "Z2", "machine": "Z2", "time": 1.792}, {"truth": "G17", "machine": "G14", "time": 2.425}, {"truth": "G37", "machine": "D46", "time": 1.543}, {"truth": "S29", "machine": "S29", "time": 1.041}, {"truth": "D58", "machine": "D58", "time": 1.193}, {"truth": "X1", "machine": "X1", "time": 1.308}, {"truth": "D21", "machine": "D21", "time": 1.167}, {"truth": "N35", "machine": "N35", "time": 0.824}, {"truth": "F35", "machine": "F35", "time": 2.477}, {"truth": "Y1", "machine": "A1", "time": 3.209}, {"truth": "M17", "machine": "M17", "time": 1.116}, {"truth": "I9", "machine": "I9", "time": 1.867}, {"truth": "D36", "machine": "D36", "time": 0.924}, {"truth": "X1", "machine": "N35", "time": 0.541}, {"truth": "G7", "machine": "G7", "time": 1.244}, {"truth": "M6", "machine": "S43", "time": 1.726}, {"truth": "Aa1", "machine": "Aa1", "time": 1.19}, {"truth": "L1", "machine": "L1", "time": 3.727}, {"truth": "Z7", "machine": "Z7", "time": 0.958}, {"truth": "A1", "machine": "A2", "time": 1.234}, {"truth": "X1", "machine": "Z7", "time": 0.85}, {"truth": "A1", "machine": "A1", "time": 2.91}, {"truth": "N35", "machine": "N35", "time": 0.716}, {"truth": "N35", "machine": "N35", "time": 0.749}, {"truth": "X1", "machine": "S29", "time": 0.559}, {"truth": "S43", "machine": "M17", "time": 4.117}, {"truth": "M17", "machine": "U29", "time": 2.868}, {"truth": "N35", "machine": "N35", "time": 0.766}, {"truth": "U21", "machine": "Y1", "time": 2.717}, {"truth": "U33", "machine": "M17", "time": 1.912}, {"truth": "F51", "machine": "Z2", "time": 1.476}, {"truth": "Z4", "machine": "Z4", "time": 0.876}, {"truth": "N41", "machine": "Z1", "time": 3.709}, {"truth": "A1", "machine": "A1", "time": 3.368}, {"truth": "M17", "machine": "M17", "time": 1.078}, {"truth": "V30", "machine": "Aa1", "time": 2.929}, {"truth": "M17", "machine": "M17", "time": 0.968}, {"truth": "M23", "machine": "W14", "time": 1.359}, {"truth": "D4", "machine": "D4", "time": 3.269}, {"truth": "O1", "machine": "O1", "time": 1.501}, {"truth": "Z2", "machine": "V11a", "time": 0.566}, {"truth": "H6", "machine": "H6", "time": 1.992}, {"truth": "X1", "machine": "X1", "time": 0.887}, {"truth": "I9", "machine": "I9", "time": 1.336}, {"truth": "Z2", "machine": "N35", "time": 1.057}, {"truth": "A1", "machine": "A1", "time": 2.524}, {"truth": "M17", "machine": "M17", "time": 1.333}, {"truth": "A1", "machine": "Y1", "time": 6.379}, {"truth": "Aa1", "machine": "Aa1", "time": 1.16}, {"truth": "A24", "machine": "A24", "time": 3.034}, {"truth": "N35", "machine": "N35", "time": 0.733}, {"truth": "T22", "machine": "T22", "time": 0.935}, {"truth": "Q3", "machine": "Z15a", "time": 1.734}, {"truth": "O6", "machine": "F35", "time": 1.484}, {"truth": "M6", "machine": "Aa17", "time": 1.092}, {"truth": "D50", "machine": "M17", "time": 1.115}, {"truth": "A1", "machine": "A1", "time": 1.058}, {"truth": "V1", "machine": "Z1", "time": 0.858}, {"truth": "S29", "machine": "S29", "time": 0.808}, {"truth": "Z7", "machine": "Z7", "time": 0.877}, {"truth": "Z1", "machine": "Z1", "time": 0.519}, {"truth": "Z4", "machine": "D36", "time": 0.986}, {"truth": "G29", "machine": "G39", "time": 1.618}, {"truth": "Aa1", "machine": "Aa1", "time": 2.493}, {"truth": "A1", "machine": "A1", "time": 0.959}, {"truth": "I9", "machine": "I9", "time": 3.224}, {"truth": "M36", "machine": "V4", "time": 2.449}, {"truth": "D35", "machine": "D35", "time": 1.419}, {"truth": "A1", "machine": "S29", "time": 0.897}, {"truth": "S28", "machine": "G17", "time": 7.952}, {"truth": "X1", "machine": "D21", "time": 0.683}, {"truth": "X1", "machine": "Z1", "time": 0.776}, {"truth": "A1", "machine": "G43", "time": 1.776}, {"truth": "T22", "machine": "V28", "time": 0.949}, {"truth": "D46", "machine": "D46", "time": 1.692}, {"truth": "G17", "machine": "G4", "time": 1.891}, {"truth": "Z1", "machine": "Z1", "time": 0.533}, {"truth": "Y1", "machine": "Y1", "time": 2.309}, {"truth": "D58", "machine": "D58", "time": 1.049}, {"truth": "Z1", "machine": "Z1", "time": 0.499}, {"truth": "A1", "machine": "A1", "time": 0.951}, {"truth": "G43", "machine": "G43", "time": 1.576}, {"truth": "N35", "machine": "N35", "time": 0.659}, {"truth": "Z2", "machine": "Z2", "time": 1.883}, {"truth": "D35", "machine": "Y1", "time": 1.29}, {"truth": "R8", "machine": "R8", "time": 3.861}, {"truth": "Aa1", "machine": "Aa1", "time": 1.366}, {"truth": "N40", "machine": "N2", "time": 3.001}, {"truth": "D28", "machine": "Z15a", "time": 1.284}, {"truth": "Z4", "machine": "Z4", "time": 0.866}, {"truth": "N16", "machine": "N35", "time": 1.05}, {"truth": "Z1", "machine": "Z1", "time": 0.475}, {"truth": "N25", "machine": "Q3", "time": 2.033}, {"truth": "A1", "machine": "D58", "time": 1.233}, {"truth": "Z11", "machine": "Z11", "time": 2.202}, {"truth": "O49", "machine": "O4", "time": 0.958}, {"truth": "D21", "machine": "D21", "time": 0.951}, {"truth": "Z1", "machine": "Z1", "time": 0.6}, {"truth": "M17", "machine": "M23", "time": 1.284}, {"truth": "Y1", "machine": "X1", "time": 1.433}, {"truth": "X1", "machine": "D21", "time": 0.8}, {"truth": "M17", "machine": "M17", "time": 1.267}, {"truth": "G43", "machine": "G43", "time": 1.559}, {"truth": "D21", "machine": "D21", "time": 1.643}, {"truth": "I9", "machine": "I10", "time": 1.425}, {"truth": "G1", "machine": "G1", "time": 1.309}, {"truth": "Z9", "machine": "H8", "time": 1.519}, {"truth": "Z1", "machine": "Z1", "time": 0.532}, {"truth": "S38", "machine": "M17", "time": 0.782}, {"truth": "G30", "machine": "X1", "time": 5.601}, {"truth": "N37", "machine": "N35", "time": 3.002}, {"truth": "G1", "machine": "G1", "time": 1.402}, {"truth": "A2", "machine": "A2", "time": 1.545}, {"truth": "A1", "machine": "A1", "time": 0.758}, {"truth": "G1", "machine": "G1", "time": 1.133}, {"truth": "O49", "machine": "V31", "time": 0.677}, {"truth": "N35", "machine": "N35", "time": 0.935}, {"truth": "M17", "machine": "M17", "time": 2.368}, {"truth": "Z1", "machine": "Z1", "time": 0.542}, {"truth": "N35", "machine": "N35", "time": 0.774}, {"truth": "M17", "machine": "N23", "time": 1.442}, {"truth": "X1", "machine": "Z1", "time": 0.524}, {"truth": "E8", "machine": "G36", "time": 3.776}, {"truth": "Y1", "machine": "Q3", "time": 1.059}, {"truth": "S29", "machine": "S29", "time": 0.75}, {"truth": "M3", "machine": "M3", "time": 3.293}, {"truth": "D46", "machine": "D35", "time": 2.152}, {"truth": "Aa11", "machine": "N35", "time": 0.592}, {"truth": "W24", "machine": "Z1", "time": 0.917}, {"truth": "N35", "machine": "N35", "time": 0.508}, {"truth": "Z4", "machine": "Z7", "time": 0.764}, {"truth": "D21", "machine": "X1", "time": 1.125}, {"truth": "Z7", "machine": "M17", "time": 0.749}, {"truth": "A1", "machine": "A1", "time": 1.943}, {"truth": "D21", "machine": "D21", "time": 0.882}, {"truth": "Z1", "machine": "Z1", "time": 0.484}, {"truth": "O49", "machine": "D21", "time": 1.116}, {"truth": "A50", "machine": "G1", "time": 3.227}, {"truth": "Q3", "machine": "D36", "time": 1.634}, {"truth": "V11a", "machine": "X1", "time": 0.481}, {"truth": "B1", "machine": "Z15b", "time": 1.208}, {"truth": "Y1", "machine": "Y1", "time": 2.383}, {"truth": "Z1", "machine": "Z1", "time": 0.466}, {"truth": "X1", "machine": "D21", "time": 0.89}, {"truth": "X1", "machine": "A1", "time": 0.925}, {"truth": "D21", "machine": "D21", "time": 1.324}, {"truth": "Y1", "machine": "A24", "time": 2.169}, {"truth": "M12", "machine": "D21", "time": 1.335}, {"truth": "A1", "machine": "A1", "time": 3.925}, {"truth": "G17", "machine": "G17", "time": 3.318}, {"truth": "G54", "machine": "N14", "time": 4.293}, {"truth": "F26", "machine": "F26", "time": 3.468}, {"truth": "W19", "machine": "M12", "time": 3.077}, {"truth": "N35", "machine": "N35", "time": 0.868}, {"truth": "X1", "machine": "N35", "time": 1.478}, {"truth": "A1", "machine": "A1", "time": 2.483}, {"truth": "P6", "machine": "V28", "time": 1.811}, {"truth": "T25", "machine": "G17", "time": 2.908}, {"truth": "N35", "machine": "N35", "time": 0.634}, {"truth": "P8", "machine": "A50", "time": 2.985}, {"truth": "G43", "machine": "G1", "time": 1.026}, {"truth": "W24", "machine": "U1", "time": 1.142}, {"truth": "I10", "machine": "I9", "time": 1.01}, {"truth": "W10", "machine": "D32", "time": 1.701}, {"truth": "D36", "machine": "D36", "time": 0.851}, {"truth": "A1", "machine": "A1", "time": 1.21}, {"truth": "G17", "machine": "A2", "time": 2.359}, {"truth": "Aa1", "machine": "Aa1", "time": 1.21}, {"truth": "Z4", "machine": "Aa11", "time": 0.775}, {"truth": "T34", "machine": "V11a", "time": 1.018}, {"truth": "V22", "machine": "V22", "time": 2.949}, {"truth": "N35", "machine": "N35", "time": 0.716}, {"truth": "Q3", "machine": "Q3", "time": 1.834}, {"truth": "F25", "machine": "N40", "time": 4.335}, {"truth": "N25", "machine": "N25", "time": 1.6}, {"truth": "S29", "machine": "S29", "time": 0.716}, {"truth": "X1", "machine": "X1", "time": 0.515}, {"truth": "A24", "machine": "A24", "time": 3.068}, {"truth": "S29", "machine": "S29", "time": 1.007}, {"truth": "G17", "machine": "G1", "time": 2.058}, {"truth": "G37", "machine": "G14", "time": 1.942}, {"truth": "S29", "machine": "S29", "time": 1.183}, {"truth": "U6", "machine": "U6", "time": 1.529}, {"truth": "D36", "machine": "D36", "time": 1.002}, {"truth": "D21", "machine": "G43", "time": 0.843}, {"truth": "O49", "machine": "D21", "time": 1.451}, {"truth": "X1", "machine": "D21", "time": 1.184}, {"truth": "D54", "machine": "V31", "time": 0.917}, {"truth": "Y1", "machine": "Y1", "time": 2.827}, {"truth": "A1", "machine": "A1", "time": 0.842}, {"truth": "S43", "machine": "Z1", "time": 1.968}, {"truth": "A1", "machine": "V11b", "time": 0.974}, {"truth": "R11", "machine": "R11", "time": 3.333}, {"truth": "N35", "machine": "N35", "time": 1.259}, {"truth": "M17", "machine": "M17", "time": 1.541}, {"truth": "N37", "machine": "N37", "time": 3.916}, {"truth": "G17", "machine": "G17", "time": 2.752}, {"truth": "N23", "machine": "N35a", "time": 0.95}, {"truth": "O42", "machine": "Z15c", "time": 2.978}, {"truth": "X1", "machine": "Z1", "time": 0.45}, {"truth": "G43", "machine": "G43", "time": 1.734}, {"truth": "X1", "machine": "D21", "time": 0.783}, {"truth": "M17", "machine": "M17", "time": 1.232}, {"truth": "V30", "machine": "A19", "time": 5.267}, {"truth": "I9", "machine": "I9", "time": 1.633}, {"truth": "N35", "machine": "N35", "time": 0.658}, {"truth": "U30", "machine": "Z1", "time": 2.843}, {"truth": "A1", "machine": "S29", "time": 0.674}, {"truth": "G43", "machine": "G43", "time": 1.976}, {"truth": "G1", "machine": "G1", "time": 2.426}, {"truth": "V28", "machine": "V28", "time": 1.95}, {"truth": "N35", "machine": "N35", "time": 0.691}, {"truth": "Aa1", "machine": "Aa1", "time": 1.009}, {"truth": "S29", "machine": "S29", "time": 0.875}, {"truth": "P6", "machine": "G7", "time": 1.633}, {"truth": "D36", "machine": "D36", "time": 0.757}, {"truth": "Z2", "machine": "Z1", "time": 0.492}, {"truth": "D21", "machine": "D21", "time": 0.9}, {"truth": "N35", "machine": "N35", "time": 0.708}, {"truth": "V28", "machine": "V28", "time": 1.91}, {"truth": "Z2", "machine": "Z2", "time": 1.368}, {"truth": "N23", "machine": "S29", "time": 0.983}, {"truth": "G1", "machine": "G1", "time": 3.275}, {"truth": "D21", "machine": "D36", "time": 0.876}, {"truth": "O1", "machine": "O1", "time": 1.508}, {"truth": "A1", "machine": "A1", "time": 2.142}, {"truth": "Z2", "machine": "Z2", "time": 0.942}, {"truth": "N35", "machine": "N35", "time": 0.674}, {"truth": "Z1", "machine": "Z1", "time": 0.491}, {"truth": "G39", "machine": "G39", "time": 1.749}, {"truth": "N35", "machine": "N35", "time": 0.641}, {"truth": "A1", "machine": "A1", "time": 0.808}, {"truth": "G1", "machine": "G1", "time": 1.201}, {"truth": "A1", "machine": "A1", "time": 1.902}, {"truth": "U1", "machine": "G1", "time": 0.805}, {"truth": "N35", "machine": "N35", "time": 0.642}, {"truth": "U36", "machine": "M17", "time": 1.518}, {"truth": "A2", "machine": "A2", "time": 1.626}, {"truth": "G17", "machine": "G17", "time": 2.226}, {"truth": "G39", "machine": "D35", "time": 1.652}, {"truth": "Z1", "machine": "Z1", "time": 0.483}, {"truth": "E34", "machine": "Y1", "time": 3.625}, {"truth": "D36", "machine": "Z2", "time": 1.074}, {"truth": "Z2", "machine": "Z2", "time": 1.06}, {"truth": "X1", "machine": "X1", "time": 0.999}, {"truth": "Z4", "machine": "Z4", "time": 0.899}, {"truth": "S29", "machine": "S29", "time": 0.917}, {"truth": "G1", "machine": "D21", "time": 2.491}, {"truth": "N35", "machine": "N35", "time": 0.734}, {"truth": "A2", "machine": "A1", "time": 3.584}, {"truth": "N35", "machine": "N35", "time": 1.076}, {"truth": "V11b", "machine": "Z15a", "time": 1.059}, {"truth": "G43", "machine": "G43", "time": 2.226}, {"truth": "V28", "machine": "G7", "time": 2.128}, {"truth": "U31", "machine": "X1", "time": 2.911}, {"truth": "I6", "machine": "I6", "time": 1.6}, {"truth": "M26", "machine": "A1", "time": 2.243}, {"truth": "Z15g", "machine": "Z15g", "time": 1.033}, {"truth": "M17", "machine": "M23", "time": 2.042}, {"truth": "M3", "machine": "M3", "time": 3.076}, {"truth": "D21", "machine": "D21", "time": 0.91}, {"truth": "Z7", "machine": "I9"}, {"truth": "G43", "machine": "G43", "time": 1.201}, {"truth": "D21", "machine": "D21", "time": 0.818}, {"truth": "D21", "machine": "D21", "time": 0.884}, {"truth": "D21", "machine": "D21", "time": 0.95}, {"truth": "Q6", "machine": "D28", "time": 2.301}, {"truth": "A1", "machine": "A1", "time": 0.966}, {"truth": "Z2", "machine": "Z2", "time": 1.285}, {"truth": "D52", "machine": "D52", "time": 1.625}, {"truth": "N35", "machine": "N35", "time": 0.642}, {"truth": "G1", "machine": "G1", "time": 1.466}, {"truth": "M17", "machine": "A1", "time": 1.941}, {"truth": "D37", "machine": "D36", "time": 1.3}, {"truth": "Z1", "machine": "Z1", "time": 0.575}, {"truth": "A1", "machine": "A1", "time": 0.966}, {"truth": "N5", "machine": "N5", "time": 1.657}, {"truth": "X1", "machine": "Z1", "time": 0.625}, {"truth": "I9", "machine": "I10", "time": 1.483}, {"truth": "N35", "machine": "N35", "time": 1.119}, {"truth": "X1", "machine": "D21", "time": 0.742}, {"truth": "G1", "machine": "G1", "time": 1.034}, {"truth": "V20e", "machine": "M20", "time": 1.449}, {"truth": "Z7", "machine": "Z7", "time": 0.825}, {"truth": "G37", "machine": "D46", "time": 1.217}, {"truth": "G1", "machine": "G1", "time": 1.388}, {"truth": "X1", "machine": "U1", "time": 0.676}, {"truth": "O1", "machine": "O1", "time": 3.495}, {"truth": "X1", "machine": "D21", "time": 0.678}, {"truth": "I9", "machine": "I10", "time": 1.488}, {"truth": "D46", "machine": "D46", "time": 1.811}, {"truth": "V28", "machine": "G7", "time": 1.168}, {"truth": "I3", "machine": "I3", "time": 6.686}, {"truth": "W19", "machine": "W19", "time": 3.276}, {"truth": "X1", "machine": "Z1", "time": 0.532}, {"truth": "Z2", "machine": "D36", "time": 1.293}, {"truth": "V31", "machine": "X1", "time": 0.868}, {"truth": "B1", "machine": "U30", "time": 1.276}, {"truth": "H8", "machine": "Z4", "time": 1.168}, {"truth": "G4", "machine": "A1", "time": 2.726}, {"truth": "Z1", "machine": "Z1", "time": 0.467}, {"truth": "S29", "machine": "S29", "time": 1.125}, {"truth": "D35", "machine": "D35", "time": 1.706}, {"truth": "A2", "machine": "G36", "time": 2.885}, {"truth": "Aa17", "machine": "Aa17", "time": 1.149}, {"truth": "V13", "machine": "D46", "time": 1.584}, {"truth": "N41", "machine": "N41", "time": 1.801}, {"truth": "D54", "machine": "F21", "time": 1.102}, {"truth": "N37", "machine": "N37", "time": 2.776}, {"truth": "D53", "machine": "D53", "time": 2.525}, {"truth": "G43", "machine": "G43", "time": 1.756}, {"truth": "G17", "machine": "G17", "time": 2.894}, {"truth": "F42", "machine": "O34", "time": 1.291}, {"truth": "V31", "machine": "D4", "time": 1.334}, {"truth": "M17", "machine": "M17", "time": 1.75}, {"truth": "G43", "machine": "D54", "time": 1.42}, {"truth": "D21", "machine": "X1", "time": 1.175}, {"truth": "N35", "machine": "Z2", "time": 0.703}, {"truth": "G17", "machine": "G17", "time": 1.25}, {"truth": "S29", "machine": "S29", "time": 1.218}, {"truth": "S29", "machine": "S29", "time": 1.126}, {"truth": "V28", "machine": "Z1", "time": 2.234}, {"truth": "Z1", "machine": "Z1", "time": 0.482}, {"truth": "Z2", "machine": "Z2", "time": 1.183}, {"truth": "D21", "machine": "D21", "time": 0.725}, {"truth": "N35", "machine": "N35", "time": 0.552}, {"truth": "G17", "machine": "G17", "time": 2.05}, {"truth": "N35", "machine": "N35", "time": 0.767}, {"truth": "G4", "machine": "G1", "time": 2.209}, {"truth": "A2", "machine": "A2", "time": 2.367}, {"truth": "Z4", "machine": "V28", "time": 1.02}, {"truth": "Aa1", "machine": "Aa1", "time": 2.675}, {"truth": "X1", "machine": "X1", "time": 0.699}, {"truth": "G17", "machine": "Z7", "time": 1.333}, {"truth": "A2", "machine": "A2", "time": 2.169}, {"truth": "X1", "machine": "D21", "time": 0.708}, {"truth": "D46", "machine": "D35", "time": 1.492}, {"truth": "Q3", "machine": "Q3", "time": 1.891}, {"truth": "G43", "machine": "G1", "time": 1.024}, {"truth": "V30", "machine": "V30", "time": 2.194}, {"truth": "U6", "machine": "U6", "time": 1.418}, {"truth": "D21", "machine": "D21", "time": 1.167}, {"truth": "X1", "machine": "D21", "time": 0.757}, {"truth": "Z2", "machine": "N35", "time": 0.583}, {"truth": "V31", "machine": "V31", "time": 0.917}, {"truth": "A9", "machine": "L2", "time": 2.626}, {"truth": "Z4", "machine": "Z4", "time": 0.783}, {"truth": "G1", "machine": "D54", "time": 1.2}, {"truth": "D58", "machine": "D58", "time": 1.042}, {"truth": "D1", "machine": "D1", "time": 1.493}, {"truth": "N35", "machine": "D36", "time": 0.491}, {"truth": "Aa15", "machine": "X1", "time": 0.65}, {"truth": "N35", "machine": "N35", "time": 0.708}, {"truth": "G1", "machine": "G43", "time": 1.476}, {"truth": "F31", "machine": "O4", "time": 3.301}, {"truth": "N35", "machine": "N35", "time": 0.642}, {"truth": "G39", "machine": "D35", "time": 1.892}, {"truth": "A2", "machine": "A2", "time": 1.366}, {"truth": "A1", "machine": "V11b", "time": 0.759}, {"truth": "Z1", "machine": "Z1", "time": 0.416}, {"truth": "V31", "machine": "D54", "time": 1.026}, {"truth": "Z1", "machine": "Z1", "time": 0.483}, {"truth": "O34", "machine": "O34", "time": 0.934}, {"truth": "D36", "machine": "D36", "time": 0.686}, {"truth": "A1", "machine": "G1", "time": 0.858}, {"truth": "O1", "machine": "O1", "time": 0.976}, {"truth": "D54", "machine": "G1", "time": 1.294}, {"truth": "D21", "machine": "Z7", "time": 0.882}, {"truth": "U19", "machine": "D54", "time": 0.859}, {"truth": "O1", "machine": "O1", "time": 1.227}, {"truth": "Z7", "machine": "Z7", "time": 0.799}, {"truth": "X1", "machine": "Z7", "time": 0.625}, {"truth": "G17", "machine": "Z7", "time": 1.027}, {"truth": "D21", "machine": "D21", "time": 1.159}, {"truth": "G41", "machine": "N25", "time": 2.707}, {"truth": "G43", "machine": "G43", "time": 1.284}, {"truth": "N35", "machine": "N35", "time": 0.466}, {"truth": "M17", "machine": "M17", "time": 1.478}, {"truth": "F34", "machine": "F34", "time": 2.517}, {"truth": "A24", "machine": "F26", "time": 1.65}, {"truth": "Q3", "machine": "N35", "time": 1.483}, {"truth": "X1", "machine": "D21", "time": 0.527}, {"truth": "O34", "machine": "N35", "time": 1.891}, {"truth": "D21", "machine": "X1", "time": 1.839}, {"truth": "G1", "machine": "D58", "time": 1.1}, {"truth": "Q3", "machine": "Z15c", "time": 1.434}, {"truth": "Z1", "machine": "Z1", "time": 0.436}, {"truth": "N35", "machine": "N35", "time": 0.633}, {"truth": "S29", "machine": "O1", "time": 1.2}, {"truth": "D46", "machine": "D46", "time": 1.401}, {"truth": "G17", "machine": "G17", "time": 2.442}, {"truth": "I9", "machine": "I9", "time": 0.917}, {"truth": "P6", "machine": "V28", "time": 1.625}, {"truth": "Y1", "machine": "D35", "time": 1.427}, {"truth": "A2", "machine": "G17", "time": 1.301}, {"truth": "W19", "machine": "W24", "time": 2.726}, {"truth": "X1", "machine": "D21", "time": 0.715}, {"truth": "N35", "machine": "N35", "time": 0.667}, {"truth": "A1", "machine": "Z15a", "time": 0.758}, {"truth": "Y1", "machine": "Z4", "time": 0.9}, {"truth": "D54", "machine": "D54", "time": 1.016}, {"truth": "S38", "machine": "V28", "time": 0.791}, {"truth": "D36", "machine": "Z2", "time": 0.758}, {"truth": "G41", "machine": "G41", "time": 3.259}, {"truth": "V28", "machine": "V28", "time": 0.875}, {"truth": "X1", "machine": "N35", "time": 1.004}, {"truth": "I9", "machine": "I10", "time": 1.357}, {"truth": "Z1", "machine": "Z1", "time": 0.509}, {"truth": "Z1", "machine": "Z1", "time": 0.533}, {"truth": "N35", "machine": "N35", "time": 0.594}, {"truth": "G17", "machine": "G17", "time": 1.066}, {"truth": "V29", "machine": "V28", "time": 2.709}, {"truth": "G43", "machine": "A1", "time": 1.5}, {"truth": "S39", "machine": "M17", "time": 0.784}, {"truth": "M17", "machine": "M17", "time": 1.091}, {"truth": "G1", "machine": "G1", "time": 1.3}, {"truth": "N35", "machine": "N35", "time": 1.311}, {"truth": "I9", "machine": "I15", "time": 1.458}, {"truth": "L1", "machine": "G8", "time": 3.051}, {"truth": "M17", "machine": "M17", "time": 1.025}, {"truth": "G17", "machine": "G17", "time": 1.551}, {"truth": "E7", "machine": "G5", "time": 4.263}, {"truth": "D36", "machine": "D36", "time": 0.666}, {"truth": "Z7", "machine": "Z1", "time": 0.527}, {"truth": "G17", "machine": "Z7", "time": 0.893}, {"truth": "Q3", "machine": "Z2", "time": 1.376}, {"truth": "M17", "machine": "M17", "time": 1.533}, {"truth": "S15", "machine": "F31", "time": 2.971}, {"truth": "S29", "machine": "S29", "time": 1.283}, {"truth": "I6", "machine": "Z7", "time": 1.234}, {"truth": "M20", "machine": "V12", "time": 5.694}, {"truth": "N16", "machine": "N11", "time": 0.983}, {"truth": "M17", "machine": "M17", "time": 1.067}, {"truth": "S29", "machine": "S29", "time": 1.076}, {"truth": "Z1", "machine": "Z1", "time": 0.516}, {"truth": "T28", "machine": "Q3", "time": 2.018}, {"truth": "A1", "machine": "A1", "time": 1.751}, {"truth": "H8", "machine": "D4", "time": 0.567}, {"truth": "A35", "machine": "O4", "time": 4.91}, {"truth": "V4", "machine": "V4", "time": 2.384}, {"truth": "M2", "machine": "M23", "time": 2.403}, {"truth": "I9", "machine": "I9", "time": 1.325}, {"truth": "M17", "machine": "M17", "time": 1.742}, {"truth": "D21", "machine": "Y1", "time": 1.586}, {"truth": "Aa2", "machine": "D21", "time": 2.433}, {"truth": "I10", "machine": "I10", "time": 1.529}, {"truth": "G37", "machine": "G37", "time": 1.016}, {"truth": "G37", "machine": "O34", "time": 1.026}, {"truth": "W24", "machine": "G17", "time": 0.908}, {"truth": "D36", "machine": "D36", "time": 0.708}, {"truth": "X1", "machine": "H8", "time": 0.815}, {"truth": "P6", "machine": "P6", "time": 2.619}, {"truth": "U15", "machine": "W19", "time": 4.48}, {"truth": "X1", "machine": "X1", "time": 0.717}, {"truth": "D35", "machine": "Y1", "time": 1.043}, {"truth": "A1", "machine": "A1", "time": 6.233}, {"truth": "Z1", "machine": "Z1", "time": 0.526}, {"truth": "G43", "machine": "G43", "time": 1.159}, {"truth": "Q3", "machine": "N25", "time": 1.794}, {"truth": "N33", "machine": "O50", "time": 1.084}, {"truth": "D21", "machine": "X1", "time": 0.825}, {"truth": "X2", "machine": "Z1", "time": 1.136}, {"truth": "W19", "machine": "M16", "time": 2.318}, {"truth": "D21", "machine": "X1", "time": 0.675}, {"truth": "D36", "machine": "D36", "time": 0.607}, {"truth": "M17", "machine": "M17", "time": 0.858}, {"truth": "S19", "machine": "G17", "time": 1.273}, {"truth": "A1", "machine": "A1", "time": 5.103}, {"truth": "Z7", "machine": "Z7", "time": 0.743}, {"truth": "P5", "machine": "M29", "time": 3.152}, {"truth": "X1", "machine": "X1", "time": 0.743}, {"truth": "Z1", "machine": "Z1", "time": 0.419}, {"truth": "A1", "machine": "A1", "time": 1.935}, {"truth": "N33", "machine": "O1", "time": 1.094}, {"truth": "E34", "machine": "E34", "time": 2.194}, {"truth": "M17", "machine": "M12", "time": 1.693}, {"truth": "N14", "machine": "V20f", "time": 1.09}, {"truth": "M17", "machine": "M17", "time": 1.142}, {"truth": "P1", "machine": "D2", "time": 2.701}, {"truth": "N35", "machine": "N35", "time": 0.558}, {"truth": "W19", "machine": "M12", "time": 2.01}, {"truth": "Y1", "machine": "Y1", "time": 1.176}, {"truth": "Q3", "machine": "Z2", "time": 1.544}, {"truth": "X1", "machine": "S29", "time": 0.567}, {"truth": "D46", "machine": "D46", "time": 1.668}, {"truth": "U21", "machine": "V20a", "time": 1.25}, {"truth": "Z1", "machine": "Z1", "time": 0.433}, {"truth": "Z1", "machine": "Z1", "time": 0.509}, {"truth": "S29", "machine": "S29", "time": 0.765}, {"truth": "G1", "machine": "G43", "time": 1.1}, {"truth": "G17", "machine": "G17", "time": 3.735}, {"truth": "M17", "machine": "M17", "time": 1.575}, {"truth": "S29", "machine": "S29", "time": 0.858}, {"truth": "Z7", "machine": "Z7", "time": 0.791}, {"truth": "Z1", "machine": "Z1", "time": 0.549}, {"truth": "M17", "machine": "M17", "time": 1.025}, {"truth": "G38", "machine": "G35", "time": 1.826}, {"truth": "N29", "machine": "N29", "time": 1.468}, {"truth": "V31", "machine": "V31", "time": 0.84}, {"truth": "M17", "machine": "M17", "time": 1.344}, {"truth": "D21", "machine": "X1", "time": 0.85}, {"truth": "A2", "machine": "G1", "time": 1.242}, {"truth": "Z1", "machine": "Z1", "time": 0.449}, {"truth": "O1", "machine": "O1", "time": 1.301}, {"truth": "Q1", "machine": "A1", "time": 1.361}, {"truth": "D40", "machine": "G39", "time": 1.351}, {"truth": "Z4", "machine": "Z4", "time": 0.659}, {"truth": "Aa1", "machine": "Aa1", "time": 1.009}, {"truth": "G17", "machine": "G17", "time": 1.093}, {"truth": "F34", "machine": "F34", "time": 2.184}]