[{"sign": "\ud80c\udd91", "file": "derived0.png"}, {"sign": "\ud80c\udf15", "file": "derived1.png"}, {"sign": "\ud80c\uddfe", "file": "derived2.png"}, {"sign": "\ud80c\ude16", "file": "derived3.png"}, {"sign": "\ud80c\udff2", "file": "derived4.png"}, {"sign": "\ud80c\udfcf", "file": "derived5.png"}, {"sign": "\ud80c\ude16", "file": "derived6.png"}, {"sign": "\ud80c\ude1e", "file": "derived7.png"}, {"sign": "\ud80c\udfe4", "file": "derived8.png"}, {"sign": "\ud80c\uddcb", "file": "derived9.png"}, {"sign": "\ud80c\udc8b", "file": "derived10.png"}, {"sign": "\ud80c\udff4", "file": "derived11.png"}, {"sign": "\ud80c\uddd3", "file": "derived12.png"}, {"sign": "\ud80c\udfed", "file": "derived13.png"}, {"sign": "\ud80c\udf9b", "file": "derived14.png"}, {"sign": "\ud80c\udfe5", "file": "derived15.png"}, {"sign": "\ud80c\uddcb", "file": "derived16.png"}, {"sign": "\ud80c\udd53", "file": "derived17.png"}, {"sign": "\ud80c\ude1d", "file": "derived18.png"}, {"sign": "\ud80c\udf87", "file": "derived19.png"}, {"sign": "\ud80c\ude17", "file": "derived20.png"}, {"sign": "\ud80c\udc9d", "file": "derived21.png"}, {"sign": "\ud80c\udc8b", "file": "derived22.png"}, {"sign": "\ud80c\udf38", "file": "derived23.png"}, {"sign": "\ud80c\udff2", "file": "derived24.png"}, {"sign": "\ud80c\uddf9", "file": "derived25.png"}, {"sign": "\ud80c\uddcb", "file": "derived26.png"}, {"sign": "\ud80c\udfe4", "file": "derived27.png"}, {"sign": "\ud80c\udc8b", "file": "derived28.png"}, {"sign": "\ud80c\udd14", "file": "derived29.png"}, {"sign": "\ud80c\udf9b", "file": "derived30.png"}, {"sign": "\ud80c\udf02", "file": "derived31.png"}, {"sign": "\ud80c\udd87", "file": "derived32.png"}, {"sign": "\ud80c\udeb9", "file": "derived33.png"}, {"sign": "\ud80c\udcdb", "file": "derived34.png"}, {"sign": "\ud80c\udf9b", "file": "derived35.png"}, {"sign": "\ud80c\udc01", "file": "derived36.png"}, {"sign": "\ud80c\udc8b", "file": "derived37.png"}, {"sign": "\ud80c\udfcc", "file": "derived38.png"}, {"sign": "\ud80c\udcf9", "file": "derived39.png"}, {"sign": "\ud80c\udea2", "file": "derived40.png"}, {"sign": "\ud80c\udd53", "file": "derived41.png"}, {"sign": "\ud80c\udf6f", "file": "derived42.png"}, {"sign": "\ud80c\ude16", "file": "derived43.png"}, {"sign": "\ud80c\udfe5", "file": "derived44.png"}, {"sign": "\ud80c\udd3f", "file": "derived45.png"}, {"sign": "\ud80c\udc00", "file": "derived46.png"}, {"sign": "\ud80c\uddcb", "file": "derived47.png"}, {"sign": "\ud80c\udd91", "file": "derived48.png"}, {"sign": "\ud80c\uddcb", "file": "derived49.png"}, {"sign": "\ud80c\udd91", "file": "derived50.png"}, {"sign": "\ud80c\uddb0", "file": "derived51.png"}, {"sign": "\ud80c\udc00", "file": "derived52.png"}, {"sign": "\ud80c\ude16", "file": "derived53.png"}, {"sign": "\ud80c\ude12", "file": "derived54.png"}, {"sign": "\ud80c\udfcf", "file": "derived55.png"}, {"sign": "\ud80c\udd14", "file": "derived56.png"}, {"sign": "\ud80c\udfe5", "file": "derived57.png"}, {"sign": "\ud80c\udc76", "file": "derived58.png"}, {"sign": "\ud80c\udf22", "file": "derived59.png"}, {"sign": "\ud80c\udfcf", "file": "derived60.png"}, {"sign": "\ud80c\udc01", "file": "derived61.png"}, {"sign": "\ud80c\udfcf", "file": "derived62.png"}, {"sign": "\ud80c\udef4", "file": "derived63.png"}, {"sign": "\ud80c\udc00", "file": "derived64.png"}, {"sign": "\ud80c\udc9d", "file": "derived65.png"}, {"sign": "\ud80c\udfe5", "file": "derived66.png"}, {"sign": "\ud80c\udfe4", "file": "derived67.png"}, {"sign": "\ud80c\uddcb", "file": "derived68.png"}, {"sign": "\ud80c\ude1d", "file": "derived69.png"}, {"sign": "\ud80c\ude16", "file": "derived70.png"}, {"sign": "\ud80c\udfa1", "file": "derived71.png"}, {"sign": "\ud80c\uddc3", "file": "derived72.png"}, {"sign": "\ud80c\udd71", "file": "derived73.png"}, {"sign": "\ud80c\uddcb", "file": "derived74.png"}, {"sign": "\ud80c\udfa1", "file": "derived75.png"}, {"sign": "\ud80c\udfcc", "file": "derived76.png"}, {"sign": "\ud80c\udeaa", "file": "derived77.png"}, {"sign": "\ud80c\udff2", "file": "derived78.png"}, {"sign": "\ud80c\udef4", "file": "derived79.png"}, {"sign": "\ud80c\udc8b", "file": "derived80.png"}, {"sign": "\ud80d\udc0d", "file": "derived81.png"}, {"sign": "\ud80c\ude07", "file": "derived82.png"}, {"sign": "\ud80c\udc8b", "file": "derived83.png"}, {"sign": "\ud80c\udfe5", "file": "derived84.png"}, {"sign": "\ud80c\udfcf", "file": "derived85.png"}, {"sign": "\ud80c\udef4", "file": "derived86.png"}, {"sign": "\ud80d\udc0d", "file": "derived87.png"}, {"sign": "\ud80c\udef4", "file": "derived88.png"}, {"sign": "\ud80c\ude17", "file": "derived89.png"}, {"sign": "\ud80c\udc9d", "file": "derived90.png"}, {"sign": "\ud80c\udc8b", "file": "derived91.png"}, {"sign": "\ud80c\udd91", "file": "derived92.png"}, {"sign": "\ud80c\udcd2", "file": "derived93.png"}, {"sign": "\ud80c\uddb1", "file": "derived94.png"}, {"sign": "\ud80c\udc8b", "file": "derived95.png"}, {"sign": "\ud80c\udd91", "file": "derived96.png"}, {"sign": "\ud80c\udef4", "file": "derived97.png"}, {"sign": "\ud80c\ude54", "file": "derived98.png"}, {"sign": "\ud80c\ude00", "file": "derived99.png"}, {"sign": "\ud80c\ude16", "file": "derived100.png"}, {"sign": "\ud80c\udcf1", "file": "derived101.png"}, {"sign": "\ud80c\udc00", "file": "derived102.png"}, {"sign": "\ud80c\uddcb", "file": "derived103.png"}, {"sign": "\ud80c\udd46", "file": "derived104.png"}, {"sign": "\ud80c\udc9d", "file": "derived105.png"}, {"sign": "\ud80c\uddcb", "file": "derived106.png"}, {"sign": "\ud80c\udc14", "file": "derived107.png"}, {"sign": "\ud80c\ude07", "file": "derived108.png"}, {"sign": "\ud80c\udc9d", "file": "derived109.png"}, {"sign": "\ud80c\udef4", "file": "derived110.png"}, {"sign": "\ud80c\uddcb", "file": "derived111.png"}, {"sign": "\ud80c\udd53", "file": "derived112.png"}, {"sign": "\ud80c\udc1c", "file": "derived113.png"}, {"sign": "\ud80c\udfe4", "file": "derived114.png"}, {"sign": "\ud80c\udef9", "file": "derived115.png"}, {"sign": "\ud80c\udfe5", "file": "derived116.png"}, {"sign": "\ud80c\udff2", "file": "derived117.png"}, {"sign": "\ud80c\udfcf", "file": "derived118.png"}, {"sign": "\ud80c\udffe", "file": "derived119.png"}, {"sign": "\ud80c\udfe4", "file": "derived120.png"}, {"sign": "\ud80c\udfdb", "file": "derived121.png"}, {"sign": "\ud80c\udda3", "file": "derived122.png"}, {"sign": "\ud80c\udd53", "file": "derived123.png"}, {"sign": "\ud80c\udd3f", "file": "derived124.png"}, {"sign": "\ud80c\uddcb", "file": "derived125.png"}, {"sign": "\ud80c\ude83", "file": "derived126.png"}, {"sign": "\ud80c\udf19", "file": "derived127.png"}, {"sign": "\ud80c\uddb5", "file": "derived128.png"}, {"sign": "\ud80c\udc8b", "file": "derived129.png"}, {"sign": "\ud80c\udfdb", "file": "derived130.png"}, {"sign": "\ud80c\udc01", "file": "derived131.png"}, {"sign": "\ud80c\udc9d", "file": "derived132.png"}, {"sign": "\ud80c\uddb3", "file": "derived133.png"}, {"sign": "\ud80c\udd3f", "file": "derived134.png"}, {"sign": "\ud80c\udff2", "file": "derived135.png"}, {"sign": "\ud80c\udd3f", "file": "derived136.png"}, {"sign": "\ud80c\udc00", "file": "derived137.png"}, {"sign": "\ud80c\uddd3", "file": "derived138.png"}, {"sign": "\ud80c\udf9b", "file": "derived139.png"}, {"sign": "\ud80c\udc9d", "file": "derived140.png"}, {"sign": "\ud80c\udef4", "file": "derived141.png"}, {"sign": "\ud80c\ude16", "file": "derived142.png"}, {"sign": "\ud80c\udd91", "file": "derived143.png"}, {"sign": "\ud80c\udff2", "file": "derived144.png"}, {"sign": "\ud80c\uddb1", "file": "derived145.png"}, {"sign": "\ud80c\udd1b", "file": "derived146.png"}, {"sign": "\ud80c\udff4", "file": "derived147.png"}, {"sign": "\ud80c\udd3f", "file": "derived148.png"}, {"sign": "\ud80c\ude50", "file": "derived149.png"}, {"sign": "\ud80c\udcba", "file": "derived150.png"}, {"sign": "\ud80c\udd1f", "file": "derived151.png"}, {"sign": "\ud80c\uddcb", "file": "derived152.png"}, {"sign": "\ud80c\udd3f", "file": "derived153.png"}, {"sign": "\ud80c\uddcb", "file": "derived154.png"}, {"sign": "\ud80c\udfa1", "file": "derived155.png"}, {"sign": "\ud80c\udfcf", "file": "derived156.png"}, {"sign": "\ud80c\udd53", "file": "derived157.png"}, {"sign": "\ud80c\udeaa", "file": "derived158.png"}, {"sign": "\ud80c\ude1e", "file": "derived159.png"}, {"sign": "\ud80c\udfcf", "file": "derived160.png"}, {"sign": "\ud80c\udfc7", "file": "derived161.png"}, {"sign": "\ud80c\uddcb", "file": "derived162.png"}, {"sign": "\ud80c\udf12", "file": "derived163.png"}, {"sign": "\ud80c\ude12", "file": "derived164.png"}, {"sign": "\ud80c\udd91", "file": "derived165.png"}, {"sign": "\ud80d\udc16", "file": "derived166.png"}, {"sign": "\ud80c\udef4", "file": "derived167.png"}, {"sign": "\ud80c\udd71", "file": "derived168.png"}, {"sign": "\ud80c\ude16", "file": "derived169.png"}, {"sign": "\ud80c\ude16", "file": "derived170.png"}, {"sign": "\ud80c\udcc0", "file": "derived171.png"}, {"sign": "\ud80c\udd53", "file": "derived172.png"}, {"sign": "\ud80c\udeb9", "file": "derived173.png"}, {"sign": "\ud80c\udc8b", "file": "derived174.png"}, {"sign": "\ud80c\ude16", "file": "derived175.png"}, {"sign": "\ud80c\ude83", "file": "derived176.png"}, {"sign": "\ud80c\udfcf", "file": "derived177.png"}, {"sign": "\ud80c\udc00", "file": "derived178.png"}, {"sign": "\ud80c\udfcf", "file": "derived179.png"}, {"sign": "\ud80c\udfb8", "file": "derived180.png"}, {"sign": "\ud80c\ude50", "file": "derived181.png"}, {"sign": "\ud80c\uddcb", "file": "derived182.png"}, {"sign": "\ud80c\udc00", "file": "derived183.png"}, {"sign": "\ud80c\udca7", "file": "derived184.png"}, {"sign": "\ud80c\udd53", "file": "derived185.png"}, {"sign": "\ud80c\ude10", "file": "derived186.png"}, {"sign": "\ud80c\udc9d", "file": "derived187.png"}, {"sign": "\ud80c\udc00", "file": "derived188.png"}, {"sign": "\ud80c\ude09", "file": "derived189.png"}, {"sign": "\ud80c\udfe4", "file": "derived190.png"}, {"sign": "\ud80c\udc00", "file": "derived191.png"}, {"sign": "\ud80c\udd91", "file": "derived192.png"}, {"sign": "\ud80c\udc8b", "file": "derived193.png"}, {"sign": "\ud80c\udff2", "file": "derived194.png"}, {"sign": "\ud80c\ude16", "file": "derived195.png"}, {"sign": "\ud80c\udc77", "file": "derived196.png"}, {"sign": "\ud80c\uddcb", "file": "derived197.png"}, {"sign": "\ud80c\udf9b", "file": "derived198.png"}, {"sign": "\ud80c\udeec", "file": "derived199.png"}, {"sign": "\ud80c\udfcf", "file": "derived200.png"}, {"sign": "\ud80c\udfe4", "file": "derived201.png"}, {"sign": "\ud80c\udd93", "file": "derived202.png"}, {"sign": "\ud80c\udf9f", "file": "derived203.png"}, {"sign": "\ud80c\udfdb", "file": "derived204.png"}, {"sign": "\ud80c\udfe4", "file": "derived205.png"}, {"sign": "\ud80d\udc0d", "file": "derived206.png"}, {"sign": "\ud80c\udd3f", "file": "derived207.png"}, {"sign": "\ud80c\udd53", "file": "derived208.png"}, {"sign": "\ud80c\udd71", "file": "derived209.png"}, {"sign": "\ud80c\ude16", "file": "derived210.png"}, {"sign": "\ud80c\udfe4", "file": "derived211.png"}, {"sign": "\ud80c\ude10", "file": "derived212.png"}, {"sign": "\ud80c\ude16", "file": "derived213.png"}, {"sign": "\ud80c\udef4", "file": "derived214.png"}, {"sign": "\ud80c\udff2", "file": "derived215.png"}, {"sign": "\ud80c\udf97", "file": "derived216.png"}, {"sign": "\ud80c\udfe4", "file": "derived217.png"}, {"sign": "\ud80c\udd53", "file": "derived218.png"}, {"sign": "\ud80c\udf33", "file": "derived219.png"}, {"sign": "\ud80c\udfce", "file": "derived220.png"}, {"sign": "\ud80c\udf2a", "file": "derived221.png"}, {"sign": "\ud80c\udfe4", "file": "derived222.png"}, {"sign": "\ud80c\udcc0", "file": "derived223.png"}, {"sign": "\ud80c\udc00", "file": "derived224.png"}, {"sign": "\ud80c\udc77", "file": "derived225.png"}, {"sign": "\ud80c\udc79", "file": "derived226.png"}, {"sign": "\ud80c\udd93", "file": "derived227.png"}, {"sign": "\ud80c\udea4", "file": "derived228.png"}, {"sign": "\ud80d\udc19", "file": "derived229.png"}, {"sign": "\ud80c\udfcf", "file": "derived230.png"}, {"sign": "\ud80c\udfcf", "file": "derived231.png"}, {"sign": "\ud80c\udc0b", "file": "derived232.png"}, {"sign": "\ud80c\ude16", "file": "derived233.png"}, {"sign": "\ud80c\udef4", "file": "derived234.png"}, {"sign": "\ud80c\udc9d", "file": "derived235.png"}, {"sign": "\ud80c\uddcd", "file": "derived236.png"}, {"sign": "\ud80c\udd19", "file": "derived237.png"}, {"sign": "\ud80c\ude16", "file": "derived238.png"}, {"sign": "\ud80c\udf03", "file": "derived239.png"}, {"sign": "\ud80c\udd3f", "file": "derived240.png"}, {"sign": "\ud80c\ude16", "file": "derived241.png"}, {"sign": "\ud80c\udef4", "file": "derived242.png"}, {"sign": "\ud80c\uddcb", "file": "derived243.png"}, {"sign": "\ud80c\udfc7", "file": "derived244.png"}, {"sign": "\ud80c\udc8b", "file": "derived245.png"}, {"sign": "\ud80c\udcc0", "file": "derived246.png"}, {"sign": "\ud80c\udd3f", "file": "derived247.png"}, {"sign": "\ud80c\udff2", "file": "derived248.png"}, {"sign": "\ud80c\udcbb", "file": "derived249.png"}, {"sign": "\ud80c\udd3f", "file": "derived250.png"}, {"sign": "\ud80c\ude50", "file": "derived251.png"}, {"sign": "\ud80c\uddcb", "file": "derived252.png"}, {"sign": "\ud80c\udd53", "file": "derived253.png"}, {"sign": "\ud80c\udd53", "file": "derived254.png"}, {"sign": "\ud80c\uddcb", "file": "derived255.png"}, {"sign": "\ud80c\udcc0", "file": "derived256.png"}, {"sign": "\ud80c\udd53", "file": "derived257.png"}, {"sign": "\ud80c\udd21", "file": "derived258.png"}, {"sign": "\ud80c\udfcf", "file": "derived259.png"}, {"sign": "\ud80c\udd53", "file": "derived260.png"}, {"sign": "\ud80c\udc01", "file": "derived261.png"}, {"sign": "\ud80c\udfcf", "file": "derived262.png"}, {"sign": "\ud80c\ude83", "file": "derived263.png"}, {"sign": "\ud80c\udfdb", "file": "derived264.png"}, {"sign": "\ud80c\udf9f", "file": "derived265.png"}, {"sign": "\ud80c\udc01", "file": "derived266.png"}, {"sign": "\ud80c\ude16", "file": "derived267.png"}, {"sign": "\ud80c\udfbc", "file": "derived268.png"}, {"sign": "\ud80c\uddcb", "file": "derived269.png"}, {"sign": "\ud80c\udf22", "file": "derived270.png"}, {"sign": "\ud80c\udd91", "file": "derived271.png"}, {"sign": "\ud80c\udff2", "file": "derived272.png"}, {"sign": "\ud80c\udc98", "file": "derived273.png"}, {"sign": "\ud80c\udc8b", "file": "derived274.png"}, {"sign": "\ud80c\udd6a", "file": "derived275.png"}, {"sign": "\ud80c\udc01", "file": "derived276.png"}, {"sign": "\ud80c\uddf3", "file": "derived277.png"}, {"sign": "\ud80c\udfe5", "file": "derived278.png"}, {"sign": "\ud80c\ude16", "file": "derived279.png"}, {"sign": "\ud80c\udd87", "file": "derived280.png"}, {"sign": "\ud80c\udc00", "file": "derived281.png"}, {"sign": "\ud80c\udd42", "file": "derived282.png"}, {"sign": "\ud80c\udff2", "file": "derived283.png"}, {"sign": "\ud80c\udfdb", "file": "derived284.png"}, {"sign": "\ud80c\udfe5", "file": "derived285.png"}, {"sign": "\ud80c\udca1", "file": "derived286.png"}, {"sign": "\ud80c\udc01", "file": "derived287.png"}, {"sign": "\ud80c\udd3f", "file": "derived288.png"}, {"sign": "\ud80c\uddcb", "file": "derived289.png"}, {"sign": "\ud80c\udf28", "file": "derived290.png"}, {"sign": "\ud80c\udd93", "file": "derived291.png"}, {"sign": "\ud80c\udef4", "file": "derived292.png"}, {"sign": "\ud80c\udc8b", "file": "derived293.png"}, {"sign": "\ud80c\udd91", "file": "derived294.png"}, {"sign": "\ud80c\udcbb", "file": "derived295.png"}, {"sign": "\ud80c\uddcb", "file": "derived296.png"}, {"sign": "\ud80c\udf86", "file": "derived297.png"}, {"sign": "\ud80c\uddcb", "file": "derived298.png"}, {"sign": "\ud80c\ude16", "file": "derived299.png"}, {"sign": "\ud80c\ude0e", "file": "derived300.png"}, {"sign": "\ud80c\udd53", "file": "derived301.png"}, {"sign": "\ud80c\uddcb", "file": "derived302.png"}, {"sign": "\ud80c\udfcf", "file": "derived303.png"}, {"sign": "\ud80d\udc0e", "file": "derived304.png"}, {"sign": "\ud80c\udfcf", "file": "derived305.png"}, {"sign": "\ud80c\ude16", "file": "derived306.png"}, {"sign": "\ud80c\udfe5", "file": "derived307.png"}, {"sign": "\ud80c\udfcf", "file": "derived308.png"}, {"sign": "\ud80c\udd53", "file": "derived309.png"}, {"sign": "\ud80c\udc00", "file": "derived310.png"}, {"sign": "\ud80c\udd44", "file": "derived311.png"}, {"sign": "\ud80c\ude57", "file": "derived312.png"}, {"sign": "\ud80c\udc8b", "file": "derived313.png"}, {"sign": "\ud80c\udea2", "file": "derived314.png"}, {"sign": "\ud80c\udfc7", "file": "derived315.png"}, {"sign": "\ud80c\udf9b", "file": "derived316.png"}, {"sign": "\ud80c\udc00", "file": "derived317.png"}, {"sign": "\ud80c\udff4", "file": "derived318.png"}, {"sign": "\ud80c\uddfc", "file": "derived319.png"}, {"sign": "\ud80c\udc8b", "file": "derived320.png"}, {"sign": "\ud80c\udc22", "file": "derived321.png"}, {"sign": "\ud80c\udd3f", "file": "derived322.png"}, {"sign": "\ud80d\udc0d", "file": "derived323.png"}, {"sign": "\ud80c\uddfe", "file": "derived324.png"}, {"sign": "\ud80c\udc8b", "file": "derived325.png"}, {"sign": "\ud80c\udfe5", "file": "derived326.png"}, {"sign": "\ud80c\udfcf", "file": "derived327.png"}, {"sign": "\ud80c\ude16", "file": "derived328.png"}, {"sign": "\ud80c\udd71", "file": "derived329.png"}, {"sign": "\ud80c\udd87", "file": "derived330.png"}, {"sign": "\ud80c\udd91", "file": "derived331.png"}, {"sign": "\ud80c\udc00", "file": "derived332.png"}, {"sign": "\ud80c\udd6f", "file": "derived333.png"}, {"sign": "\ud80c\uddb1", "file": "derived334.png"}, {"sign": "\ud80c\udff2", "file": "derived335.png"}, {"sign": "\ud80c\udf38", "file": "derived336.png"}, {"sign": "\ud80c\udc12", "file": "derived337.png"}, {"sign": "\ud80c\ude19", "file": "derived338.png"}, {"sign": "\ud80c\udf7a", "file": "derived339.png"}, {"sign": "\ud80c\ude16", "file": "derived340.png"}, {"sign": "\ud80c\ude19", "file": "derived341.png"}, {"sign": "\ud80c\udfe5", "file": "derived342.png"}, {"sign": "\ud80c\udfdb", "file": "derived343.png"}, {"sign": "\ud80c\udd84", "file": "derived344.png"}, {"sign": "\ud80d\udc19", "file": "derived345.png"}, {"sign": "\ud80c\udc8b", "file": "derived346.png"}, {"sign": "\ud80c\udd91", "file": "derived347.png"}, {"sign": "\ud80c\udfa1", "file": "derived348.png"}, {"sign": "\ud80c\udff2", "file": "derived349.png"}, {"sign": "\ud80d\udc0d", "file": "derived350.png"}, {"sign": "\ud80c\udc00", "file": "derived351.png"}, {"sign": "\ud80c\udfcc", "file": "derived352.png"}, {"sign": "\ud80c\udef4", "file": "derived353.png"}, {"sign": "\ud80c\udfcf", "file": "derived354.png"}, {"sign": "\ud80c\udfe4", "file": "derived355.png"}, {"sign": "\ud80c\ude16", "file": "derived356.png"}, {"sign": "\ud80c\udf62", "file": "derived357.png"}, {"sign": "\ud80c\udd14", "file": "derived358.png"}, {"sign": "\ud80c\udc77", "file": "derived359.png"}, {"sign": "\ud80c\udc01", "file": "derived360.png"}, {"sign": "\ud80c\uddcf", "file": "derived361.png"}, {"sign": "\ud80c\ude07", "file": "derived362.png"}, {"sign": "\ud80c\udd16", "file": "derived363.png"}, {"sign": "\ud80c\udd53", "file": "derived364.png"}, {"sign": "\ud80c\ude16", "file": "derived365.png"}, {"sign": "\ud80c\udfcf", "file": "derived366.png"}, {"sign": "\ud80d\udc1d", "file": "derived367.png"}, {"sign": "\ud80c\udd71", "file": "derived368.png"}, {"sign": "\ud80c\udfa1", "file": "derived369.png"}, {"sign": "\ud80c\udfcf", "file": "derived370.png"}, {"sign": "\ud80c\ude16", "file": "derived371.png"}, {"sign": "\ud80c\ude16", "file": "derived372.png"}, {"sign": "\ud80c\ude16", "file": "derived373.png"}, {"sign": "\ud80c\udd53", "file": "derived374.png"}, {"sign": "\ud80c\udf97", "file": "derived375.png"}, {"sign": "\ud80c\udfdb", "file": "derived376.png"}, {"sign": "\ud80c\udca7", "file": "derived377.png"}, {"sign": "\ud80c\udef4", "file": "derived378.png"}, {"sign": "\ud80c\udcd2", "file": "derived379.png"}, {"sign": "\ud80c\ude97", "file": "derived380.png"}, {"sign": "\ud80c\ude16", "file": "derived381.png"}, {"sign": "\ud80c\ude19", "file": "derived382.png"}, {"sign": "\ud80c\ude16", "file": "derived383.png"}, {"sign": "\ud80c\udd3f", "file": "derived384.png"}, {"sign": "\ud80c\udd91", "file": "derived385.png"}, {"sign": "\ud80c\udc00", "file": "derived386.png"}, {"sign": "\ud80c\ude54", "file": "derived387.png"}, {"sign": "\ud80c\udfcf", "file": "derived388.png"}, {"sign": "\ud80c\udc77", "file": "derived389.png"}, {"sign": "\ud80c\udfee", "file": "derived390.png"}, {"sign": "\ud80c\uddcd", "file": "derived391.png"}, {"sign": "\ud80c\udd3f", "file": "derived392.png"}, {"sign": "\ud80c\udd3f", "file": "derived393.png"}, {"sign": "\ud80c\udfe5", "file": "derived394.png"}, {"sign": "\ud80c\udd53", "file": "derived395.png"}, {"sign": "\ud80c\udeaa", "file": "derived396.png"}, {"sign": "\ud80c\ude16", "file": "derived397.png"}, {"sign": "\ud80c\ude16", "file": "derived398.png"}, {"sign": "\ud80d\udc0d", "file": "derived399.png"}, {"sign": "\ud80c\udfe5", "file": "derived400.png"}, {"sign": "\ud80c\udc01", "file": "derived401.png"}, {"sign": "\ud80c\udc8b", "file": "derived402.png"}, {"sign": "\ud80c\udfcf", "file": "derived403.png"}, {"sign": "\ud80c\udc9d", "file": "derived404.png"}, {"sign": "\ud80c\udd53", "file": "derived405.png"}, {"sign": "\ud80c\ude16", "file": "derived406.png"}, {"sign": "\ud80c\udfe4", "file": "derived407.png"}, {"sign": "\ud80c\uddcb", "file": "derived408.png"}, {"sign": "\ud80c\udfdb", "file": "derived409.png"}, {"sign": "\ud80c\udd91", "file": "derived410.png"}, {"sign": "\ud80c\ude0e", "file": "derived411.png"}, {"sign": "\ud80c\ude16", "file": "derived412.png"}, {"sign": "\ud80c\udeb9", "file": "derived413.png"}, {"sign": "\ud80c\udca7", "file": "derived414.png"}, {"sign": "\ud80c\ude09", "file": "derived415.png"}, {"sign": "\ud80c\udd53", "file": "derived416.png"}, {"sign": "\ud80c\udfcf", "file": "derived417.png"}, {"sign": "\ud80c\udf97", "file": "derived418.png"}, {"sign": "\ud80c\ude16", "file": "derived419.png"}, {"sign": "\ud80c\udf9b", "file": "derived420.png"}, {"sign": "\ud80c\udfcf", "file": "derived421.png"}, {"sign": "\ud80c\udfe4", "file": "derived422.png"}, {"sign": "\ud80c\udca7", "file": "derived423.png"}, {"sign": "\ud80c\udfa1", "file": "derived424.png"}, {"sign": "\ud80c\ude96", "file": "derived425.png"}, {"sign": "\ud80c\udfe4", "file": "derived426.png"}, {"sign": "\ud80c\udd39", "file": "derived427.png"}, {"sign": "\ud80c\udd61", "file": "derived428.png"}, {"sign": "\ud80c\udef7", "file": "derived429.png"}, {"sign": "\ud80c\udf9b", "file": "derived430.png"}, {"sign": "\ud80c\ude16", "file": "derived431.png"}, {"sign": "\ud80c\udc9c", "file": "derived432.png"}, {"sign": "\ud80c\udeaa", "file": "derived433.png"}, {"sign": "\ud80c\udfcf", "file": "derived434.png"}, {"sign": "\ud80c\udfe4", "file": "derived435.png"}, {"sign": "\ud80c\udc01", "file": "derived436.png"}, {"sign": "\ud80c\ude16", "file": "derived437.png"}, {"sign": "\ud80c\uddcb", "file": "derived438.png"}, {"sign": "\ud80c\ude16", "file": "derived439.png"}, {"sign": "\ud80c\udff2", "file": "derived440.png"}, {"sign": "\ud80c\udff2", "file": "derived441.png"}, {"sign": "\ud80c\udf19", "file": "derived442.png"}, {"sign": "\ud80c\udc00", "file": "derived443.png"}, {"sign": "\ud80c\ude50", "file": "derived444.png"}, {"sign": "\ud80c\ude16", "file": "derived445.png"}, {"sign": "\ud80c\udfe5", "file": "derived446.png"}, {"sign": "\ud80c\udd8a", "file": "derived447.png"}, {"sign": "\ud80c\udea2", "file": "derived448.png"}, {"sign": "\ud80c\udffb", "file": "derived449.png"}, {"sign": "\ud80c\udd6a", "file": "derived450.png"}, {"sign": "\ud80c\uddd3", "file": "derived451.png"}, {"sign": "\ud80c\udc01", "file": "derived452.png"}, {"sign": "\ud80c\udc00", "file": "derived453.png"}, {"sign": "\ud80c\udef4", "file": "derived454.png"}, {"sign": "\ud80c\udc8b", "file": "derived455.png"}, {"sign": "\ud80c\ude16", "file": "derived456.png"}, {"sign": "\ud80c\udfce", "file": "derived457.png"}, {"sign": "\ud80c\uddcb", "file": "derived458.png"}, {"sign": "\ud80c\udd3f", "file": "derived459.png"}, {"sign": "\ud80c\ude9b", "file": "derived460.png"}, {"sign": "\ud80c\uddee", "file": "derived461.png"}, {"sign": "\ud80c\udc9d", "file": "derived462.png"}, {"sign": "\ud80c\udc8b", "file": "derived463.png"}, {"sign": "\ud80c\uddd3", "file": "derived464.png"}, {"sign": "\ud80c\udfcf", "file": "derived465.png"}, {"sign": "\ud80c\udd93", "file": "derived466.png"}, {"sign": "\ud80c\udff2", "file": "derived467.png"}, {"sign": "\ud80c\udfcf", "file": "derived468.png"}, {"sign": "\ud80c\udfcf", "file": "derived469.png"}, {"sign": "\ud80c\udc3b", "file": "derived470.png"}, {"sign": "\ud80c\udfe4", "file": "derived471.png"}, {"sign": "\ud80c\udd53", "file": "derived472.png"}, {"sign": "\ud80c\udc77", "file": "derived473.png"}, {"sign": "\ud80c\uddb5", "file": "derived474.png"}, {"sign": "\ud80c\udfe5", "file": "derived475.png"}, {"sign": "\ud80c\udd91", "file": "derived476.png"}, {"sign": "\ud80c\udc77", "file": "derived477.png"}, {"sign": "\ud80c\udc50", "file": "derived478.png"}, {"sign": "\ud80c\udebd", "file": "derived479.png"}, {"sign": "\ud80c\udfa1", "file": "derived480.png"}, {"sign": "\ud80c\udd8a", "file": "derived481.png"}, {"sign": "\ud80c\udfc7", "file": "derived482.png"}, {"sign": "\ud80c\udfcc", "file": "derived483.png"}, {"sign": "\ud80c\uddd3", "file": "derived484.png"}, {"sign": "\ud80c\udda3", "file": "derived485.png"}, {"sign": "\ud80c\udcbb", "file": "derived486.png"}, {"sign": "\ud80c\udd53", "file": "derived487.png"}, {"sign": "\ud80c\udfcf", "file": "derived488.png"}, {"sign": "\ud80c\ude0e", "file": "derived489.png"}, {"sign": "\ud80c\udfe5", "file": "derived490.png"}, {"sign": "\ud80c\udd53", "file": "derived491.png"}, {"sign": "\ud80c\udd6a", "file": "derived492.png"}, {"sign": "\ud80c\udef4", "file": "derived493.png"}, {"sign": "\ud80c\udcc0", "file": "derived494.png"}, {"sign": "\ud80c\udfcf", "file": "derived495.png"}, {"sign": "\ud80c\udc8b", "file": "derived496.png"}, {"sign": "\ud80c\ude16", "file": "derived497.png"}, {"sign": "\ud80c\udd24", "file": "derived498.png"}, {"sign": "\ud80c\udfdb", "file": "derived499.png"}, {"sign": "\ud80c\uddcb", "file": "derived500.png"}, {"sign": "\ud80c\udd91", "file": "derived501.png"}, {"sign": "\ud80c\udc9d", "file": "derived502.png"}, {"sign": "\ud80c\udfcf", "file": "derived503.png"}, {"sign": "\ud80c\udd46", "file": "derived504.png"}, {"sign": "\ud80c\uddb5", "file": "derived505.png"}, {"sign": "\ud80d\udc0d", "file": "derived506.png"}, {"sign": "\ud80c\udda3", "file": "derived507.png"}, {"sign": "\ud80c\udff2", "file": "derived508.png"}, {"sign": "\ud80c\udc00", "file": "derived509.png"}, {"sign": "\ud80c\udfcf", "file": "derived510.png"}, {"sign": "\ud80c\udc00", "file": "derived511.png"}, {"sign": "\ud80c\ude16", "file": "derived512.png"}, {"sign": "\ud80c\ude16", "file": "derived513.png"}, {"sign": "\ud80c\udfcf", "file": "derived514.png"}, {"sign": "\ud80c\udf03", "file": "derived515.png"}, {"sign": "\ud80c\uddcb", "file": "derived516.png"}, {"sign": "\ud80c\ude16", "file": "derived517.png"}, {"sign": "\ud80c\udf49", "file": "derived518.png"}, {"sign": "\ud80c\udf58", "file": "derived519.png"}, {"sign": "\ud80c\udd39", "file": "derived520.png"}, {"sign": "\ud80c\udfed", "file": "derived521.png"}, {"sign": "\ud80c\ude1e", "file": "derived522.png"}, {"sign": "\ud80c\udc00", "file": "derived523.png"}, {"sign": "\ud80c\uddcb", "file": "derived524.png"}, {"sign": "\ud80c\udf9f", "file": "derived525.png"}, {"sign": "\ud80c\uddcb", "file": "derived526.png"}, {"sign": "\ud80c\uddd3", "file": "derived527.png"}, {"sign": "\ud80c\udc79", "file": "derived528.png"}, {"sign": "\ud80c\ude50", "file": "derived529.png"}, {"sign": "\ud80c\udfe5", "file": "derived530.png"}, {"sign": "\ud80c\udd84", "file": "derived531.png"}, {"sign": "\ud80c\udfcf", "file": "derived532.png"}, {"sign": "\ud80c\udd91", "file": "derived533.png"}, {"sign": "\ud80c\udfe5", "file": "derived534.png"}, {"sign": "\ud80c\udc00", "file": "derived535.png"}, {"sign": "\ud80c\uddcb", "file": "derived536.png"}, {"sign": "\ud80c\udc00", "file": "derived537.png"}, {"sign": "\ud80d\udc0d", "file": "derived538.png"}, {"sign": "\ud80c\udc1c", "file": "derived539.png"}, {"sign": "\ud80c\ude16", "file": "derived540.png"}, {"sign": "\ud80c\udf22", "file": "derived541.png"}, {"sign": "\ud80c\udeaa", "file": "derived542.png"}, {"sign": "\ud80c\ude57", "file": "derived543.png"}, {"sign": "\ud80c\uddb5", "file": "derived544.png"}, {"sign": "\ud80c\udcad", "file": "derived545.png"}, {"sign": "\ud80c\udc00", "file": "derived546.png"}, {"sign": "\ud80c\udf62", "file": "derived547.png"}, {"sign": "\ud80c\udef4", "file": "derived548.png"}, {"sign": "\ud80c\udff2", "file": "derived549.png"}, {"sign": "\ud80c\udfe4", "file": "derived550.png"}, {"sign": "\ud80c\udfed", "file": "derived551.png"}, {"sign": "\ud80c\udd61", "file": "derived552.png"}, {"sign": "\ud80d\udc0d", "file": "derived553.png"}, {"sign": "\ud80c\udc00", "file": "derived554.png"}, {"sign": "\ud80c\udd91", "file": "derived555.png"}, {"sign": "\ud80c\udde5", "file": "derived556.png"}, {"sign": "\ud80c\udc9c", "file": "derived557.png"}, {"sign": "\ud80c\udc00", "file": "derived558.png"}, {"sign": "\ud80c\udef3", "file": "derived559.png"}, {"sign": "\ud80c\udfcf", "file": "derived560.png"}, {"sign": "\ud80c\udfcf", "file": "derived561.png"}, {"sign": "\ud80c\udc00", "file": "derived562.png"}, {"sign": "\ud80c\udf22", "file": "derived563.png"}, {"sign": "\ud80c\udca7", "file": "derived564.png"}, {"sign": "\ud80c\udd53", "file": "derived565.png"}, {"sign": "\ud80c\udfe4", "file": "derived566.png"}, {"sign": "\ud80c\udfdb", "file": "derived567.png"}, {"sign": "\ud80c\udcc0", "file": "derived568.png"}, {"sign": "\ud80c\udfe4", "file": "derived569.png"}, {"sign": "\ud80c\udc00", "file": "derived570.png"}, {"sign": "\ud80c\udd71", "file": "derived571.png"}, {"sign": "\ud80c\ude16", "file": "derived572.png"}, {"sign": "\ud80c\udfe5", "file": "derived573.png"}, {"sign": "\ud80c\udc9c", "file": "derived574.png"}, {"sign": "\ud80c\udeb9", "file": "derived575.png"}, {"sign": "\ud80d\udc0d", "file": "derived576.png"}, {"sign": "\ud80c\ude1d", "file": "derived577.png"}, {"sign": "\ud80c\udc93", "file": "derived578.png"}, {"sign": "\ud80c\udfed", "file": "derived579.png"}, {"sign": "\ud80c\uddfe", "file": "derived580.png"}, {"sign": "\ud80c\udfe4", "file": "derived581.png"}, {"sign": "\ud80c\ude09", "file": "derived582.png"}, {"sign": "\ud80c\udc00", "file": "derived583.png"}, {"sign": "\ud80c\udff6", "file": "derived584.png"}, {"sign": "\ud80c\ude96", "file": "derived585.png"}, {"sign": "\ud80c\udc8b", "file": "derived586.png"}, {"sign": "\ud80c\udfe4", "file": "derived587.png"}, {"sign": "\ud80c\uddcb", "file": "derived588.png"}, {"sign": "\ud80c\udfdb", "file": "derived589.png"}, {"sign": "\ud80c\udfcf", "file": "derived590.png"}, {"sign": "\ud80c\uddcb", "file": "derived591.png"}, {"sign": "\ud80c\udd71", "file": "derived592.png"}, {"sign": "\ud80c\udc8b", "file": "derived593.png"}, {"sign": "\ud80c\udd91", "file": "derived594.png"}, {"sign": "\ud80c\udd3f", "file": "derived595.png"}, {"sign": "\ud80c\udff4", "file": "derived596.png"}, {"sign": "\ud80c\udfe4", "file": "derived597.png"}, {"sign": "\ud80c\udefe", "file": "derived598.png"}, {"sign": "\ud80c\udd62", "file": "derived599.png"}, {"sign": "\ud80c\ude19", "file": "derived600.png"}, {"sign": "\ud80c\udd3f", "file": "derived601.png"}, {"sign": "\ud80c\udc01", "file": "derived602.png"}, {"sign": "\ud80c\udc00", "file": "derived603.png"}, {"sign": "\ud80c\udd3f", "file": "derived604.png"}, {"sign": "\ud80c\ude96", "file": "derived605.png"}, {"sign": "\ud80c\ude16", "file": "derived606.png"}, {"sign": "\ud80c\uddcb", "file": "derived607.png"}, {"sign": "\ud80c\udfe4", "file": "derived608.png"}, {"sign": "\ud80c\ude16", "file": "derived609.png"}, {"sign": "\ud80c\uddcb", "file": "derived610.png"}, {"sign": "\ud80c\udfcf", "file": "derived611.png"}, {"sign": "\ud80c\udcd9", "file": "derived612.png"}, {"sign": "\ud80c\udfdb", "file": "derived613.png"}, {"sign": "\ud80c\udef4", "file": "derived614.png"}, {"sign": "\ud80c\uddb1", "file": "derived615.png"}, {"sign": "\ud80c\udca7", "file": "derived616.png"}, {"sign": "\ud80d\udc19", "file": "derived617.png"}, {"sign": "\ud80c\udfcc", "file": "derived618.png"}, {"sign": "\ud80c\ude16", "file": "derived619.png"}, {"sign": "\ud80c\udfed", "file": "derived620.png"}, {"sign": "\ud80c\udc8b", "file": "derived621.png"}, {"sign": "\ud80c\udff2", "file": "derived622.png"}, {"sign": "\ud80c\udc00", "file": "derived623.png"}, {"sign": "\ud80c\udc8b", "file": "derived624.png"}, {"sign": "\ud80c\udfe4", "file": "derived625.png"}, {"sign": "\ud80c\ude96", "file": "derived626.png"}, {"sign": "\ud80c\udc3b", "file": "derived627.png"}, {"sign": "\ud80c\udeaa", "file": "derived628.png"}, {"sign": "\ud80c\udf79", "file": "derived629.png"}, {"sign": "\ud80c\udc50", "file": "derived630.png"}, {"sign": "\ud80c\udfdb", "file": "derived631.png"}, {"sign": "\ud80c\udfe4", "file": "derived632.png"}, {"sign": "\ud80c\udfcf", "file": "derived633.png"}, {"sign": "\ud80c\udfcf", "file": "derived634.png"}, {"sign": "\ud80c\udc8b", "file": "derived635.png"}, {"sign": "\ud80c\udfdb", "file": "derived636.png"}, {"sign": "\ud80c\uddbc", "file": "derived637.png"}, {"sign": "\ud80c\udc00", "file": "derived638.png"}, {"sign": "\ud80c\udd53", "file": "derived639.png"}, {"sign": "\ud80c\udd7e", "file": "derived640.png"}, {"sign": "\ud80c\udd1a", "file": "derived641.png"}, {"sign": "\ud80c\udfc7", "file": "derived642.png"}, {"sign": "\ud80c\ude16", "file": "derived643.png"}, {"sign": "\ud80c\udfcf", "file": "derived644.png"}, {"sign": "\ud80c\udc00", "file": "derived645.png"}, {"sign": "\ud80c\udea2", "file": "derived646.png"}, {"sign": "\ud80c\udf25", "file": "derived647.png"}, {"sign": "\ud80c\ude16", "file": "derived648.png"}, {"sign": "\ud80c\udea4", "file": "derived649.png"}, {"sign": "\ud80c\udd71", "file": "derived650.png"}, {"sign": "\ud80c\udfcc", "file": "derived651.png"}, {"sign": "\ud80c\udd93", "file": "derived652.png"}, {"sign": "\ud80c\udfba", "file": "derived653.png"}, {"sign": "\ud80c\udc9d", "file": "derived654.png"}, {"sign": "\ud80c\udc00", "file": "derived655.png"}, {"sign": "\ud80c\udd53", "file": "derived656.png"}, {"sign": "\ud80d\udc0d", "file": "derived657.png"}, {"sign": "\ud80c\udfed", "file": "derived658.png"}, {"sign": "\ud80c\udf30", "file": "derived659.png"}, {"sign": "\ud80c\udf94", "file": "derived660.png"}, {"sign": "\ud80c\ude16", "file": "derived661.png"}, {"sign": "\ud80c\udeaa", "file": "derived662.png"}, {"sign": "\ud80c\udd19", "file": "derived663.png"}, {"sign": "\ud80c\ude09", "file": "derived664.png"}, {"sign": "\ud80c\udef4", "file": "derived665.png"}, {"sign": "\ud80c\udfcf", "file": "derived666.png"}, {"sign": "\ud80c\udc1c", "file": "derived667.png"}, {"sign": "\ud80c\udef4", "file": "derived668.png"}, {"sign": "\ud80c\udd53", "file": "derived669.png"}, {"sign": "\ud80c\udd6a", "file": "derived670.png"}, {"sign": "\ud80c\udef4", "file": "derived671.png"}, {"sign": "\ud80c\udf38", "file": "derived672.png"}, {"sign": "\ud80c\udc9d", "file": "derived673.png"}, {"sign": "\ud80c\udc8b", "file": "derived674.png"}, {"sign": "\ud80c\ude96", "file": "derived675.png"}, {"sign": "\ud80c\udfcf", "file": "derived676.png"}, {"sign": "\ud80c\udcbb", "file": "derived677.png"}, {"sign": "\ud80c\udfdb", "file": "derived678.png"}, {"sign": "\ud80c\udc00", "file": "derived679.png"}, {"sign": "\ud80c\udf03", "file": "derived680.png"}, {"sign": "\ud80c\udc00", "file": "derived681.png"}, {"sign": "\ud80c\udebd", "file": "derived682.png"}, {"sign": "\ud80c\ude16", "file": "derived683.png"}, {"sign": "\ud80c\uddcb", "file": "derived684.png"}, {"sign": "\ud80c\ude19", "file": "derived685.png"}, {"sign": "\ud80c\udd53", "file": "derived686.png"}, {"sign": "\ud80c\ude07", "file": "derived687.png"}, {"sign": "\ud80c\ude8f", "file": "derived688.png"}, {"sign": "\ud80c\udfcf", "file": "derived689.png"}, {"sign": "\ud80c\udd71", "file": "derived690.png"}, {"sign": "\ud80c\udfcf", "file": "derived691.png"}, {"sign": "\ud80c\uddcb", "file": "derived692.png"}, {"sign": "\ud80c\udf9f", "file": "derived693.png"}, {"sign": "\ud80c\udd91", "file": "derived694.png"}, {"sign": "\ud80c\ude16", "file": "derived695.png"}, {"sign": "\ud80c\udf54", "file": "derived696.png"}, {"sign": "\ud80c\udc00", "file": "derived697.png"}, {"sign": "\ud80c\udd71", "file": "derived698.png"}, {"sign": "\ud80c\udd3f", "file": "derived699.png"}, {"sign": "\ud80c\udf9b", "file": "derived700.png"}, {"sign": "\ud80c\ude16", "file": "derived701.png"}, {"sign": "\ud80d\udc0d", "file": "derived702.png"}, {"sign": "\ud80c\udef4", "file": "derived703.png"}, {"sign": "\ud80c\udea2", "file": "derived704.png"}, {"sign": "\ud80c\udc9d", "file": "derived705.png"}, {"sign": "\ud80c\udfe5", "file": "derived706.png"}, {"sign": "\ud80c\udc8b", "file": "derived707.png"}, {"sign": "\ud80c\ude16", "file": "derived708.png"}, {"sign": "\ud80c\udf9b", "file": "derived709.png"}, {"sign": "\ud80c\udfe5", "file": "derived710.png"}, {"sign": "\ud80c\ude07", "file": "derived711.png"}, {"sign": "\ud80c\udd3f", "file": "derived712.png"}, {"sign": "\ud80c\udc8b", "file": "derived713.png"}, {"sign": "\ud80c\ude50", "file": "derived714.png"}, {"sign": "\ud80c\udc00", "file": "derived715.png"}, {"sign": "\ud80c\udfe5", "file": "derived716.png"}, {"sign": "\ud80c\ude16", "file": "derived717.png"}, {"sign": "\ud80c\udfe4", "file": "derived718.png"}, {"sign": "\ud80c\udd6d", "file": "derived719.png"}, {"sign": "\ud80c\ude16", "file": "derived720.png"}, {"sign": "\ud80c\udc00", "file": "derived721.png"}, {"sign": "\ud80c\udd3f", "file": "derived722.png"}, {"sign": "\ud80c\udc00", "file": "derived723.png"}, {"sign": "\ud80c\udf33", "file": "derived724.png"}, {"sign": "\ud80c\ude16", "file": "derived725.png"}, {"sign": "\ud80c\udf5b", "file": "derived726.png"}, {"sign": "\ud80c\udc01", "file": "derived727.png"}, {"sign": "\ud80c\udd53", "file": "derived728.png"}, {"sign": "\ud80c\udd6d", "file": "derived729.png"}, {"sign": "\ud80c\udfe4", "file": "derived730.png"}, {"sign": "\ud80c\udcf9", "file": "derived731.png"}, {"sign": "\ud80c\udc9d", "file": "derived732.png"}, {"sign": "\ud80c\udfe5", "file": "derived733.png"}, {"sign": "\ud80c\udfcf", "file": "derived734.png"}, {"sign": "\ud80c\udfed", "file": "derived735.png"}, {"sign": "\ud80c\udef4", "file": "derived736.png"}, {"sign": "\ud80c\udd3f", "file": "derived737.png"}, {"sign": "\ud80c\ude16", "file": "derived738.png"}, {"sign": "\ud80c\udc01", "file": "derived739.png"}, {"sign": "\ud80c\ude16", "file": "derived740.png"}, {"sign": "\ud80c\udf7a", "file": "derived741.png"}, {"sign": "\ud80c\udd71", "file": "derived742.png"}, {"sign": "\ud80c\udf9b", "file": "derived743.png"}, {"sign": "\ud80c\udf55", "file": "derived744.png"}, {"sign": "\ud80c\udd8e", "file": "derived745.png"}, {"sign": "\ud80c\uddd7", "file": "derived746.png"}, {"sign": "\ud80d\udc01", "file": "derived747.png"}, {"sign": "\ud80c\uddcb", "file": "derived748.png"}, {"sign": "\ud80c\uddb1", "file": "derived749.png"}, {"sign": "\ud80c\udc8b", "file": "derived750.png"}, {"sign": "\ud80c\udff2", "file": "derived751.png"}, {"sign": "\ud80c\udd71", "file": "derived752.png"}, {"sign": "\ud80c\udc8b", "file": "derived753.png"}, {"sign": "\ud80c\udc8b", "file": "derived754.png"}, {"sign": "\ud80c\udc8b", "file": "derived755.png"}, {"sign": "\ud80c\udead", "file": "derived756.png"}, {"sign": "\ud80c\udc00", "file": "derived757.png"}, {"sign": "\ud80c\udfe5", "file": "derived758.png"}, {"sign": "\ud80c\udcb8", "file": "derived759.png"}, {"sign": "\ud80c\ude16", "file": "derived760.png"}, {"sign": "\ud80c\udd3f", "file": "derived761.png"}, {"sign": "\ud80c\uddcb", "file": "derived762.png"}, {"sign": "\ud80c\udc9e", "file": "derived763.png"}, {"sign": "\ud80c\udfe4", "file": "derived764.png"}, {"sign": "\ud80c\udc00", "file": "derived765.png"}, {"sign": "\ud80c\uddf3", "file": "derived766.png"}, {"sign": "\ud80c\udfcf", "file": "derived767.png"}, {"sign": "\ud80c\udd91", "file": "derived768.png"}, {"sign": "\ud80c\ude16", "file": "derived769.png"}, {"sign": "\ud80c\udfcf", "file": "derived770.png"}, {"sign": "\ud80c\udd3f", "file": "derived771.png"}, {"sign": "\ud80c\udf8b", "file": "derived772.png"}, {"sign": "\ud80c\udff2", "file": "derived773.png"}, {"sign": "\ud80c\udd6a", "file": "derived774.png"}, {"sign": "\ud80c\udd3f", "file": "derived775.png"}, {"sign": "\ud80c\udfcf", "file": "derived776.png"}, {"sign": "\ud80c\ude50", "file": "derived777.png"}, {"sign": "\ud80c\udfcf", "file": "derived778.png"}, {"sign": "\ud80c\udd91", "file": "derived779.png"}, {"sign": "\ud80c\udca7", "file": "derived780.png"}, {"sign": "\ud80c\udf9b", "file": "derived781.png"}, {"sign": "\ud80c\udd8a", "file": "derived782.png"}, {"sign": "\ud80c\udfc7", "file": "derived783.png"}, {"sign": "\ud80c\udfcf", "file": "derived784.png"}, {"sign": "\ud80c\udfe5", "file": "derived785.png"}, {"sign": "\ud80c\udfa1", "file": "derived786.png"}, {"sign": "\ud80c\udc50", "file": "derived787.png"}, {"sign": "\ud80c\udd87", "file": "derived788.png"}, {"sign": "\ud80c\udd42", "file": "derived789.png"}, {"sign": "\ud80c\udfe4", "file": "derived790.png"}, {"sign": "\ud80c\udef4", "file": "derived791.png"}, {"sign": "\ud80c\udc9c", "file": "derived792.png"}, {"sign": "\ud80c\udc01", "file": "derived793.png"}, {"sign": "\ud80d\udc1f", "file": "derived794.png"}, {"sign": "\ud80c\udf7f", "file": "derived795.png"}, {"sign": "\ud80c\ude1e", "file": "derived796.png"}, {"sign": "\ud80c\udcbb", "file": "derived797.png"}, {"sign": "\ud80c\ude19", "file": "derived798.png"}, {"sign": "\ud80c\udcba", "file": "derived799.png"}, {"sign": "\ud80c\udd71", "file": "derived800.png"}, {"sign": "\ud80c\udd53", "file": "derived801.png"}, {"sign": "\ud80c\udd2d", "file": "derived802.png"}, {"sign": "\ud80c\udfa1", "file": "derived803.png"}, {"sign": "\ud80c\uddcb", "file": "derived804.png"}, {"sign": "\ud80c\udd71", "file": "derived805.png"}, {"sign": "\ud80c\udc8b", "file": "derived806.png"}, {"sign": "\ud80c\ude16", "file": "derived807.png"}, {"sign": "\ud80c\udd53", "file": "derived808.png"}, {"sign": "\ud80c\udef4", "file": "derived809.png"}, {"sign": "\ud80c\udef4", "file": "derived810.png"}, {"sign": "\ud80c\udf9b", "file": "derived811.png"}, {"sign": "\ud80c\udfe4", "file": "derived812.png"}, {"sign": "\ud80c\udfe5", "file": "derived813.png"}, {"sign": "\ud80c\udc8b", "file": "derived814.png"}, {"sign": "\ud80c\ude16", "file": "derived815.png"}, {"sign": "\ud80c\udd53", "file": "derived816.png"}, {"sign": "\ud80c\ude16", "file": "derived817.png"}, {"sign": "\ud80c\udd42", "file": "derived818.png"}, {"sign": "\ud80c\udc01", "file": "derived819.png"}, {"sign": "\ud80c\udfed", "file": "derived820.png"}, {"sign": "\ud80d\udc0d", "file": "derived821.png"}, {"sign": "\ud80c\udfcf", "file": "derived822.png"}, {"sign": "\ud80c\udd53", "file": "derived823.png"}, {"sign": "\ud80c\udc01", "file": "derived824.png"}, {"sign": "\ud80c\udfcf", "file": "derived825.png"}, {"sign": "\ud80c\udca7", "file": "derived826.png"}, {"sign": "\ud80c\udeaa", "file": "derived827.png"}, {"sign": "\ud80c\udd71", "file": "derived828.png"}, {"sign": "\ud80c\udf9f", "file": "derived829.png"}, {"sign": "\ud80c\udf38", "file": "derived830.png"}, {"sign": "\ud80c\udc8b", "file": "derived831.png"}, {"sign": "\ud80c\udfcf", "file": "derived832.png"}, {"sign": "\ud80c\udfe5", "file": "derived833.png"}, {"sign": "\ud80c\udfa1", "file": "derived834.png"}, {"sign": "\ud80c\udc0b", "file": "derived835.png"}, {"sign": "\ud80c\udfed", "file": "derived836.png"}, {"sign": "\ud80c\udd3f", "file": "derived837.png"}, {"sign": "\ud80c\udcc0", "file": "derived838.png"}, {"sign": "\ud80c\udc76", "file": "derived839.png"}, {"sign": "\ud80c\ude16", "file": "derived840.png"}, {"sign": "\ud80d\udc1d", "file": "derived841.png"}, {"sign": "\ud80c\ude16", "file": "derived842.png"}, {"sign": "\ud80c\udd3f", "file": "derived843.png"}, {"sign": "\ud80c\udd1f", "file": "derived844.png"}, {"sign": "\ud80c\ude16", "file": "derived845.png"}, {"sign": "\ud80c\udd6d", "file": "derived846.png"}, {"sign": "\ud80c\udc01", "file": "derived847.png"}, {"sign": "\ud80c\udc00", "file": "derived848.png"}, {"sign": "\ud80c\udfe4", "file": "derived849.png"}, {"sign": "\ud80c\udfa1", "file": "derived850.png"}, {"sign": "\ud80c\udfe4", "file": "derived851.png"}, {"sign": "\ud80c\ude83", "file": "derived852.png"}, {"sign": "\ud80c\udc9d", "file": "derived853.png"}, {"sign": "\ud80c\udc00", "file": "derived854.png"}, {"sign": "\ud80c\ude50", "file": "derived855.png"}, {"sign": "\ud80c\udcbb", "file": "derived856.png"}, {"sign": "\ud80c\udc8b", "file": "derived857.png"}, {"sign": "\ud80c\udf47", "file": "derived858.png"}, {"sign": "\ud80c\ude50", "file": "derived859.png"}, {"sign": "\ud80c\udff2", "file": "derived860.png"}, {"sign": "\ud80c\udfcf", "file": "derived861.png"}, {"sign": "\ud80c\udd53", "file": "derived862.png"}, {"sign": "\ud80c\udc8b", "file": "derived863.png"}, {"sign": "\ud80c\udd6f", "file": "derived864.png"}, {"sign": "\ud80c\udd71", "file": "derived865.png"}, {"sign": "\ud80c\ude16", "file": "derived866.png"}, {"sign": "\ud80c\uddcb", "file": "derived867.png"}, {"sign": "\ud80c\udd23", "file": "derived868.png"}, {"sign": "\ud80c\udc1c", "file": "derived869.png"}, {"sign": "\ud80c\udeaa", "file": "derived870.png"}, {"sign": "\ud80c\udfcf", "file": "derived871.png"}, {"sign": "\ud80c\ude83", "file": "derived872.png"}, {"sign": "\ud80c\udc8b", "file": "derived873.png"}, {"sign": "\ud80c\udd3f", "file": "derived874.png"}, {"sign": "\ud80c\udeaa", "file": "derived875.png"}, {"sign": "\ud80c\udfe4", "file": "derived876.png"}, {"sign": "\ud80c\ude16", "file": "derived877.png"}, {"sign": "\ud80c\udef4", "file": "derived878.png"}, {"sign": "\ud80c\udca7", "file": "derived879.png"}, {"sign": "\ud80c\udd53", "file": "derived880.png"}, {"sign": "\ud80c\udd91", "file": "derived881.png"}, {"sign": "\ud80c\udea2", "file": "derived882.png"}, {"sign": "\ud80c\udfdb", "file": "derived883.png"}, {"sign": "\ud80c\udc01", "file": "derived884.png"}, {"sign": "\ud80c\udfc7", "file": "derived885.png"}, {"sign": "\ud80c\udfcf", "file": "derived886.png"}, {"sign": "\ud80c\ude16", "file": "derived887.png"}, {"sign": "\ud80c\udc00", "file": "derived888.png"}, {"sign": "\ud80c\udfdb", "file": "derived889.png"}, {"sign": "\ud80c\udcbb", "file": "derived890.png"}, {"sign": "\ud80c\udefe", "file": "derived891.png"}, {"sign": "\ud80c\udc9d", "file": "derived892.png"}, {"sign": "\ud80c\udd6f", "file": "derived893.png"}, {"sign": "\ud80c\udf9b", "file": "derived894.png"}, {"sign": "\ud80c\udfcf", "file": "derived895.png"}, {"sign": "\ud80c\udd91", "file": "derived896.png"}, {"sign": "\ud80c\udfe4", "file": "derived897.png"}, {"sign": "\ud80c\udfe4", "file": "derived898.png"}, {"sign": "\ud80c\ude16", "file": "derived899.png"}, {"sign": "\ud80c\udd53", "file": "derived900.png"}, {"sign": "\ud80c\udf9d", "file": "derived901.png"}, {"sign": "\ud80c\udd71", "file": "derived902.png"}, {"sign": "\ud80c\udeff", "file": "derived903.png"}, {"sign": "\ud80c\uddcb", "file": "derived904.png"}, {"sign": "\ud80c\udd3f", "file": "derived905.png"}, {"sign": "\ud80c\ude16", "file": "derived906.png"}, {"sign": "\ud80c\udd91", "file": "derived907.png"}, {"sign": "\ud80c\udda3", "file": "derived908.png"}, {"sign": "\ud80c\uddcb", "file": "derived909.png"}, {"sign": "\ud80c\udd53", "file": "derived910.png"}, {"sign": "\ud80c\udcd8", "file": "derived911.png"}, {"sign": "\ud80c\udc9d", "file": "derived912.png"}, {"sign": "\ud80c\udff2", "file": "derived913.png"}, {"sign": "\ud80c\udd53", "file": "derived914.png"}, {"sign": "\ud80c\udeaa", "file": "derived915.png"}, {"sign": "\ud80c\uddcb", "file": "derived916.png"}, {"sign": "\ud80c\udee3", "file": "derived917.png"}, {"sign": "\ud80c\udef4", "file": "derived918.png"}, {"sign": "\ud80c\udd8e", "file": "derived919.png"}, {"sign": "\ud80c\uddcf", "file": "derived920.png"}, {"sign": "\ud80c\uddfe", "file": "derived921.png"}, {"sign": "\ud80c\uddcb", "file": "derived922.png"}, {"sign": "\ud80c\udef4", "file": "derived923.png"}, {"sign": "\ud80c\udfe4", "file": "derived924.png"}, {"sign": "\ud80c\udf28", "file": "derived925.png"}, {"sign": "\ud80c\udc00", "file": "derived926.png"}, {"sign": "\ud80c\udd87", "file": "derived927.png"}, {"sign": "\ud80c\udc28", "file": "derived928.png"}, {"sign": "\ud80c\udf6f", "file": "derived929.png"}, {"sign": "\ud80c\uddb0", "file": "derived930.png"}, {"sign": "\ud80c\udd91", "file": "derived931.png"}, {"sign": "\ud80c\uddcb", "file": "derived932.png"}, {"sign": "\ud80c\udc8b", "file": "derived933.png"}, {"sign": "\ud80d\udc0e", "file": "derived934.png"}, {"sign": "\ud80c\udd93", "file": "derived935.png"}, {"sign": "\ud80c\udd6a", "file": "derived936.png"}, {"sign": "\ud80c\udd6a", "file": "derived937.png"}, {"sign": "\ud80c\udfcc", "file": "derived938.png"}, {"sign": "\ud80c\udc9d", "file": "derived939.png"}, {"sign": "\ud80c\udfcf", "file": "derived940.png"}, {"sign": "\ud80c\udea2", "file": "derived941.png"}, {"sign": "\ud80c\udf43", "file": "derived942.png"}, {"sign": "\ud80c\udfcf", "file": "derived943.png"}, {"sign": "\ud80c\udc9c", "file": "derived944.png"}, {"sign": "\ud80c\udc00", "file": "derived945.png"}, {"sign": "\ud80c\udfe4", "file": "derived946.png"}, {"sign": "\ud80c\udd71", "file": "derived947.png"}, {"sign": "\ud80c\udeaa", "file": "derived948.png"}, {"sign": "\ud80c\ude12", "file": "derived949.png"}, {"sign": "\ud80c\udc8b", "file": "derived950.png"}, {"sign": "\ud80c\udfd0", "file": "derived951.png"}, {"sign": "\ud80c\udfc7", "file": "derived952.png"}, {"sign": "\ud80c\udc8b", "file": "derived953.png"}, {"sign": "\ud80c\udc9d", "file": "derived954.png"}, {"sign": "\ud80c\uddcb", "file": "derived955.png"}, {"sign": "\ud80c\udee8", "file": "derived956.png"}, {"sign": "\ud80c\udc00", "file": "derived957.png"}, {"sign": "\ud80c\udff2", "file": "derived958.png"}, {"sign": "\ud80c\udea1", "file": "derived959.png"}, {"sign": "\ud80c\udfcf", "file": "derived960.png"}, {"sign": "\ud80c\udfe4", "file": "derived961.png"}, {"sign": "\ud80c\udc00", "file": "derived962.png"}, {"sign": "\ud80c\ude12", "file": "derived963.png"}, {"sign": "\ud80c\udcf9", "file": "derived964.png"}, {"sign": "\ud80c\uddcb", "file": "derived965.png"}, {"sign": "\ud80c\uddfc", "file": "derived966.png"}, {"sign": "\ud80c\uddcb", "file": "derived967.png"}, {"sign": "\ud80c\ude9b", "file": "derived968.png"}, {"sign": "\ud80c\ude16", "file": "derived969.png"}, {"sign": "\ud80c\udfc7", "file": "derived970.png"}, {"sign": "\ud80c\udfdb", "file": "derived971.png"}, {"sign": "\ud80c\udeaa", "file": "derived972.png"}, {"sign": "\ud80c\udfcf", "file": "derived973.png"}, {"sign": "\ud80c\udca7", "file": "derived974.png"}, {"sign": "\ud80c\udf49", "file": "derived975.png"}, {"sign": "\ud80c\udfe4", "file": "derived976.png"}, {"sign": "\ud80c\udfe4", "file": "derived977.png"}, {"sign": "\ud80c\udef4", "file": "derived978.png"}, {"sign": "\ud80c\udd3f", "file": "derived979.png"}, {"sign": "\ud80c\udd53", "file": "derived980.png"}, {"sign": "\ud80c\uddcb", "file": "derived981.png"}, {"sign": "\ud80c\udef4", "file": "derived982.png"}, {"sign": "\ud80c\udff2", "file": "derived983.png"}, {"sign": "\ud80c\udfe4", "file": "derived984.png"}, {"sign": "\ud80c\uddcb", "file": "derived985.png"}, {"sign": "\ud80c\udd6c", "file": "derived986.png"}, {"sign": "\ud80c\ude0e", "file": "derived987.png"}, {"sign": "\ud80c\udfa1", "file": "derived988.png"}, {"sign": "\ud80c\uddcb", "file": "derived989.png"}, {"sign": "\ud80c\udc8b", "file": "derived990.png"}, {"sign": "\ud80c\udc01", "file": "derived991.png"}, {"sign": "\ud80c\udfe4", "file": "derived992.png"}, {"sign": "\ud80c\ude50", "file": "derived993.png"}, {"sign": "\ud80c\udea8", "file": "derived994.png"}, {"sign": "\ud80c\udca1", "file": "derived995.png"}, {"sign": "\ud80c\udfed", "file": "derived996.png"}, {"sign": "\ud80d\udc0d", "file": "derived997.png"}, {"sign": "\ud80c\udd53", "file": "derived998.png"}, {"sign": "\ud80c\udd23", "file": "derived999.png"}]